Full Date,Month,Year,Word Count,Sentiment,Sentiment Avg
1872-09-01,September,1872,131,0.03452380952380951,
1872-12-01,December,1872,173,0.2188235294117647,
1873-01-01,January,1873,421,0.29834312512883937,
1873-01-01,January,1873,474,0.2084006734006734,
1873-03-01,March,1873,115,0.0,
1873-03-01,March,1873,632,0.2281906272022551,
1873-05-01,May,1873,256,0.3,0.1840402520953346
1873-05-01,May,1873,146,0.27937500000000004,0.21901899359193328
1873-06-01,June,1873,517,0.29075369075369073,0.22929473092649413
1873-07-01,July,1873,1479,0.21223033910533912,0.2169929043517084
1873-09-01,September,1873,396,0.0883499053030303,0.19984279462347368
1873-11-01,November,1873,658,0.20979722032353607,0.22981382609826453
1874-01-01,January,1874,527,0.2775915404040404,0.2368710994128053
1874-02-01,February,1874,248,0.32653061224489793,0.24066118687636212
1874-03-01,March,1874,223,0.3032051282051281,0.24406549090566612
1874-04-01,April,1874,416,0.2637202380952381,0.24020356909731574
1874-06-01,June,1874,183,0.37544642857142857,0.2635201533067571
1874-07-01,July,1874,235,0.43703703703703706,0.3133326006973295
1874-07-01,July,1874,89,0.31875,0.3288972835082529
1874-07-01,July,1874,611,0.276595238095238,0.3287549546069955
1874-08-01,August,1874,256,0.21688311688311684,0.31309102669816957
1875-03-01,March,1875,202,0.3476785714285714,0.31944437573009005
1875-03-01,March,1875,213,-0.08814102564102562,0.2691784809106238
1875-04-01,April,1875,353,0.050656370656370665,0.2227799012084727
1875-04-01,April,1875,253,0.015773809523809523,0.16259944013515448
1875-05-01,May,1875,309,0.2073051948051948,0.14667875367875371
1875-05-01,May,1875,266,0.06944444444444445,0.11708578315721177
1875-06-01,June,1875,184,0.006547619047619043,0.08703785489499781
1875-06-01,June,1875,282,0.19,0.06451234469091617
1875-07-01,July,1875,223,0.37642857142857145,0.1308794299865729
1875-07-01,July,1875,273,0.1784774436090226,0.14913958326552315
1875-07-01,July,1875,465,0.1804421768707483,0.17266363574365726
1875-08-01,August,1875,362,0.3931547619047619,0.1992135739007383
1875-09-01,September,1875,318,0.1030753968253968,0.20401799566944576
1875-09-01,September,1875,282,0.02583705357142857,0.2067736291728471
1875-09-01,September,1875,186,0.23897959183673476,0.2137707137209521
1875-09-01,September,1875,418,0.14773065476190475,0.18109958276857116
1875-09-01,September,1875,137,0.32083333333333336,0.2014361384434727
1875-09-01,September,1875,301,0.15396464646464644,0.19765363409974387
1875-09-01,September,1875,185,0.6375,0.2325600966847779
1875-09-01,September,1875,83,0.7000000000000001,0.3178350399954355
1875-09-01,September,1875,348,0.20876262626262626,0.34396726466560656
1875-09-01,September,1875,359,0.105,0.32482732297464445
1875-09-01,September,1875,452,0.10337301587301584,0.3184905174190889
1875-10-01,October,1875,785,0.12884389002810054,0.2910634540897699
1875-10-01,October,1875,710,0.1893772067176322,0.2961223912687679
1875-10-01,October,1875,472,0.14192406692406692,0.22532582940077744
1875-11-01,November,1875,241,0.2933333333333333,0.16723059130553933
1875-11-01,November,1875,254,0.22577601410934744,0.16966107528364233
1875-12-01,December,1875,301,0.2291666666666666,0.18739917052173755
1875-12-01,December,1875,254,0.2549185463659148,0.20904853202072315
1875-12-01,December,1875,319,0.11322463768115945,0.2068172102568744
1875-12-01,December,1875,379,0.151484375,0.20140394858292693
1876-01-01,January,1876,357,0.051913875598086114,0.18854534982207255
1876-01-01,January,1876,462,0.28774801587301585,0.18774744732774148
1876-01-01,January,1876,246,0.07728696741854636,0.16653472637191277
1876-02-01,February,1876,185,0.2709090909090909,0.17249792983511622
1876-02-01,February,1876,352,0.15075757575757578,0.15761779117678212
1876-02-01,February,1876,327,0.1851851851851852,0.16789786939164292
1876-03-01,March,1876,297,0.2797101449275362,0.1862158365241481
1876-03-01,March,1876,308,0.3064095238095238,0.2225723576972106
1876-03-01,March,1876,326,0.0573051948051948,0.18965195468752188
1876-04-01,April,1876,549,0.09717532467532466,0.19249314858134733
1876-04-01,April,1876,267,0.17738095238095242,0.17913198593447044
1876-04-01,April,1876,440,0.18177842565597666,0.18356353591995628
1876-05-01,May,1876,12,0.0,0.15710850946492982
1876-05-01,May,1876,414,0.2345767195767196,0.150660877271956
1876-05-01,May,1876,637,0.0632831686133573,0.11592854081536079
1876-05-01,May,1876,406,0.16698198198198194,0.1315966532691875
1876-05-01,May,1876,358,0.1949911816578483,0.14557034712383374
1876-06-01,June,1876,1076,0.07495645227788084,0.13093827568053779
1876-07-01,July,1876,468,0.2502173913043478,0.14071527077316223
1876-07-01,July,1876,909,0.15018578643578645,0.16217038312113172
1876-08-01,August,1876,2604,0.18249962247055268,0.15473079782025073
1876-08-01,August,1876,1055,0.1468315972222222,0.16666628762151717
1876-08-01,August,1876,3390,0.09898003607503617,0.1569517239205249
1876-09-01,September,1876,2490,0.1700350244993103,0.15338655861216233
1876-09-01,September,1876,119,0.2569444444444444,0.1793848432073857
1876-10-01,October,1876,2001,0.15084968897468892,0.1651894571602916
1876-10-01,October,1876,2635,0.11866366290589092,0.16068629665602077
1876-10-01,October,1876,1244,0.17289702581369246,0.15931449713361218
1876-11-01,November,1876,642,0.25380611672278336,0.17459657134797804
1876-11-01,November,1876,1569,0.106171875,0.17562397690868717
1876-11-01,November,1876,4117,0.1792188201790852,0.1769359477200836
1876-12-01,December,1876,618,0.2634750280583613,0.17786888823635744
1877-01-01,January,1877,729,0.1276434984768318,0.174553718165235
1877-02-01,February,1877,1078,0.11234386879548172,0.1736508904351765
1877-02-01,February,1877,1903,0.11077708907254363,0.16477661375786953
1877-02-01,February,1877,4103,0.1964333517419936,0.15658050447489957
1877-03-01,March,1877,99,0.2714285714285714,0.18018860396469547
1877-03-01,March,1877,698,0.13969696969696968,0.17454262532439327
1877-03-01,March,1877,573,0.07095616024187454,0.147039929922038
1877-03-01,March,1877,1193,0.19723657708032716,0.15698179829396589
1877-04-01,April,1877,856,0.18946339729921816,0.16799887379449968
1877-04-01,April,1877,870,0.14267217630853996,0.17255531482821343
1877-04-01,April,1877,463,0.2546428571428571,0.1808709584569082
1877-04-01,April,1877,755,0.2315773809523809,0.17517793124602385
1877-05-01,May,1877,1350,0.10882509303561934,0.17076766315154526
1877-05-01,May,1877,1249,0.11404446248196246,0.17692313490012926
1877-05-01,May,1877,727,0.18529956427015248,0.1752178473558186
1877-05-01,May,1877,5883,0.08026107521466434,0.15961751562945378
1877-05-01,May,1877,1049,0.1984605837284409,0.16758728811801107
1877-06-01,June,1877,3539,0.112884746701711,0.1473361294835616
1877-06-01,June,1877,2233,0.1517722604193193,0.1359353979788385
1877-07-01,July,1877,618,0.19239463601532564,0.14787390411879656
1877-07-01,July,1877,1158,0.2328085991678225,0.1648402093596337
1877-07-01,July,1877,1029,0.24777217463387685,0.17376486798302287
1877-08-01,August,1877,1688,0.08963792858159053,0.1751044184640123
1877-08-01,August,1877,1622,0.2159916865887016,0.1776088617297638
1877-08-01,August,1877,1486,0.32200323339212233,0.20748293125696543
1877-08-01,August,1877,1319,0.1905811571940604,0.2130270593676427
1877-09-01,September,1877,2071,0.1477773096284547,0.20665315559808972
1877-09-01,September,1877,2309,0.1735283053491146,0.19818454219541715
1877-09-01,September,1877,873,0.2501752860235002,0.1985278438225062
1877-10-01,October,1877,2499,0.2423856676234394,0.2203489493999132
1877-10-01,October,1877,1209,0.2375721850964569,0.22343187775816395
1877-11-01,November,1877,2244,0.08628049886621313,0.1897572013973198
1877-11-01,November,1877,2138,0.20215402979373576,0.19141046891155916
1877-12-01,December,1877,2872,0.1876751092509387,0.19711015457191403
1877-12-01,December,1877,1962,0.2626852727846105,0.2098468642055563
1877-12-01,December,1877,587,0.248369715390992,0.20958892554376943
1878-01-01,January,1878,999,0.20412644082824805,0.20412332171588493
1878-02-01,February,1878,1925,0.14115850267920332,0.19034993851342014
1878-02-01,February,1878,935,0.2116414141414141,0.2082586406955917
1878-03-01,March,1878,1078,0.12435485103132166,0.19714447230096108
1878-04-01,April,1878,2130,0.2614052238000837,0.20767734580798178
1878-05-01,May,1878,1237,0.08840257638801326,0.18277981775132504
1878-07-01,July,1878,1268,0.18843765341188007,0.1742180946114519
1878-08-01,August,1878,293,0.15884057971014495,0.1677486858802943
1878-08-01,August,1878,725,0.1880630711880712,0.17444933852441827
1878-11-01,November,1878,2403,0.13430820310910813,0.16340173694837454
1878-12-01,December,1878,1288,0.12734500282326372,0.16382890149008053
1879-03-01,March,1879,559,0.2156003310415075,0.15728534538171252
1879-04-01,April,1879,1293,-0.03258905297211746,0.14000082690169383
1879-06-01,June,1879,1269,0.11592261061887227,0.1296415350741213
1879-08-01,August,1879,1821,0.04741828684136373,0.1137240646642954
1879-08-01,August,1879,404,0.1446380952380953,0.1075204966714417
1880-06-01,June,1880,4559,0.12131453637782745,0.10566425856697302
1880-08-01,August,1880,808,0.16090320910973085,0.11045828803646833
1880-09-01,September,1880,2774,0.12630794971312215,0.0977022335609847
1880-09-01,September,1880,982,0.22756155881155885,0.13486660667293845
1880-10-01,October,1880,1262,0.16154761904761894,0.1413844650199023
1880-11-01,November,1880,1387,0.10493203463203464,0.14960071470428385
1881-01-01,January,1881,607,-0.005508540372670784,0.12815119533131727
1881-01-01,January,1881,851,0.06425908521303259,0.12000041659348945
1881-04-01,April,1881,204,0.2638888888888889,0.1347126565619406
1881-04-01,April,1881,3200,0.12682859013414569,0.13478703376494397
1881-05-01,May,1881,209,0.02196275946275946,0.1054157767151155
1881-05-01,May,1881,697,0.1866071428571429,0.10899570868790463
1881-06-01,June,1881,652,0.1157936507936508,0.11054736813956409
1881-07-01,July,1881,385,0.15200000000000002,0.13304858819280277
1881-08-01,August,1881,1072,0.26376336898395725,0.16154920016007773
1881-08-01,August,1881,896,0.1867045454545454,0.15052286538374293
1881-09-01,September,1881,713,0.09028712812611116,0.14530265652545227
1881-10-01,October,1881,784,0.24120329670329665,0.17662273327410044
1881-10-01,October,1881,222,0.16594202898550725,0.17367057414958106
1881-10-01,October,1881,993,0.27319878680989795,0.1961570221519021
1881-11-01,November,1881,2420,0.08592500571921298,0.18671773725464677
1881-11-01,November,1881,1978,0.16875502655693336,0.17314511690792905
1881-11-01,November,1881,4728,0.11516707145228278,0.1629254777647487
1881-11-01,November,1881,3795,0.12226346024449958,0.16749352521023278
1881-11-01,November,1881,1008,-0.006173154868007806,0.13215403212861787
1881-11-01,November,1881,3254,0.1682832561352188,0.13248849315000524
1881-11-01,November,1881,3591,0.1923581343406504,0.12093982851154131
1881-11-01,November,1881,2157,0.1923868712125548,0.13614866643916154
1881-11-01,November,1881,1460,0.16633279914529908,0.13580263395178524
1881-12-01,December,1881,6240,0.137702005653462,0.1390219102662394
1881-12-01,December,1881,1184,0.15893492063492065,0.14426069032201383
1881-12-01,December,1881,556,0.0972670807453416,0.1590378668382066
1881-12-01,December,1881,1267,0.07040678740220026,0.14505551416206108
1882-01-01,January,1882,1158,0.05292494752722026,0.1251364874744282
1882-01-01,January,1882,382,0.0152777777777778,0.0998351884123172
1882-01-01,January,1882,1547,0.04686989795918367,0.08276905967144357
1882-01-01,January,1882,1091,0.049191729323308266,0.07012473448142162
1882-01-01,January,1882,3114,0.09135297538282616,0.060470170873979545
1882-01-01,January,1882,650,0.2398985389610389,0.08084609347622203
1882-01-01,January,1882,1065,0.00657894736842105,0.07172783061425356
1882-02-01,February,1882,931,0.2210756297148702,0.09574935664106068
1882-02-01,February,1882,906,0.13656378253780851,0.1130759287496365
1882-02-01,February,1882,293,0.08211904761904762,0.11811152155818849
1882-03-01,March,1882,1557,0.12648680261299433,0.1291536748852865
1882-03-01,March,1882,698,0.04024305555555555,0.12185225776710498
1882-03-01,March,1882,746,0.023249999999999996,0.09090246648695656
1882-03-01,March,1882,2340,0.11498201884920628,0.10638861955564018
1882-03-01,March,1882,918,0.1069734432234432,0.09008830719972204
1882-03-01,March,1882,2230,0.03199373897707231,0.0751497295481883
1882-03-01,March,1882,1010,0.1322544225322003,0.08231192596435297
1882-04-01,April,1882,1540,0.10937205988455984,0.07986696271743374
1882-04-01,April,1882,1559,0.16132599284773194,0.09716452518774465
1882-04-01,April,1882,511,0.1581476530005942,0.11643561847354382
1882-04-01,April,1882,477,0.10285714285714287,0.11470349333182048
1882-04-01,April,1882,1112,0.13016059209607594,0.11801594317076802
1882-04-01,April,1882,1657,0.07398351648351649,0.12401448281454576
1882-04-01,April,1882,1285,0.1748537126715092,0.1301000956915899
1882-04-01,April,1882,1335,0.06963538748832869,0.12442342820641399
1882-05-01,May,1882,2755,0.1777830191615239,0.12677443196552712
1882-05-01,May,1882,958,0.1209137709137709,0.1214553059531238
1882-05-01,May,1882,1227,0.08156041986687143,0.1184129169545136
1882-05-01,May,1882,156,0.024523809523809517,0.10332194801561838
1882-05-01,May,1882,2645,0.08035579004329002,0.10423227280987175
1882-05-01,May,1882,729,0.16736607142857146,0.10316260977516635
1882-05-01,May,1882,798,0.12933097718253966,0.11169055116005364
1882-05-01,May,1882,1404,0.11434650740206295,0.10262819233727351
1882-05-01,May,1882,1636,0.14262034632034634,0.10572913168107001
1882-05-01,May,1882,206,0.07555555555555556,0.10487129392231061
1882-05-01,May,1882,4581,0.024642528080028047,0.10488825371605612
1882-06-01,June,1882,1680,0.08951023723750999,0.10619603188665895
1882-06-01,June,1882,1198,0.10695914168136388,0.09756647049420072
1882-06-01,June,1882,4806,0.09419641479276897,0.09254724729566204
1882-06-01,June,1882,639,0.13514127241805812,0.09551792801223277
1882-06-01,June,1882,1277,0.1131866079765239,0.09131310824882956
1882-07-01,July,1882,2322,0.10285631035631036,0.09521321607750881
1882-07-01,July,1882,3664,0.11215359739789713,0.10771479740863296
1882-07-01,July,1882,1110,0.030880577054819475,0.0993391316682486
1882-07-01,July,1882,1387,0.15339426494914302,0.10597272070650277
1882-07-01,July,1882,2243,0.15127247883144113,0.11412644414059879
1882-07-01,July,1882,3016,0.08553196156480054,0.10703939973299056
1882-07-01,July,1882,3083,0.14632466761110838,0.11177340825221692
1882-07-01,July,1882,1621,0.1413827955424594,0.1172771918502382
1882-07-01,July,1882,830,0.13260970090515545,0.12019949235127511
1882-07-01,July,1882,1993,0.08900473630312337,0.12850294367246137
1882-07-01,July,1882,2226,0.13412851273020762,0.1257506933554706
1882-07-01,July,1882,785,0.11004998291182498,0.11986176536695402
1882-08-01,August,1882,904,0.1349489795918367,0.12692133937081632
1882-08-01,August,1882,681,0.09867865585950693,0.12011476626344468
1882-08-01,August,1882,3104,0.12784325759996906,0.11818054655737464
1882-08-01,August,1882,1075,0.1250967866821525,0.11710727309694566
1882-08-01,August,1882,994,0.14599461144915693,0.1252486838320933
1882-08-01,August,1882,1674,0.12538393656273408,0.12399945866531138
1882-09-01,September,1882,1162,0.2611953155245837,0.14559164903856264
1882-09-01,September,1882,1048,0.2066220762441692,0.15583066284603872
1882-09-01,September,1882,1281,0.17720966958211853,0.1670493790921261
1882-09-01,September,1882,919,0.09066083883048168,0.16173760498219933
1882-09-01,September,1882,1918,0.10388007680976437,0.15870664642900104
1882-09-01,September,1882,1063,0.1603042926572338,0.16075088660158343
1882-09-01,September,1882,859,0.1675497131594693,0.16677456897254558
1882-10-01,October,1882,1784,0.15517836291141368,0.15162929002780703
1882-10-01,October,1882,431,0.2857176870748299,0.1629286630036157
1882-10-01,October,1882,1699,0.1867436836667605,0.16429066501570738
1882-10-01,October,1882,1254,0.18025793650793656,0.17709025039820095
1882-10-01,October,1882,762,0.12763246013246013,0.1804834480157289
1882-11-01,November,1882,914,0.2083748443337484,0.1873506696838024
1882-11-01,November,1882,2412,0.1331626886626887,0.18243823761283376
1882-11-01,November,1882,1242,0.19650297619047624,0.18834175379555698
1882-11-01,November,1882,1185,0.09651041666666664,0.16131214373724795
1882-11-01,November,1882,891,0.1113305774371348,0.1505388428473014
1882-11-01,November,1882,1088,0.21248067663909254,0.15514209143746654
1882-11-01,November,1882,777,0.05434343434343433,0.14467223061046286
1882-11-01,November,1882,2540,0.18117492197724755,0.14078652741667702
1882-12-01,December,1882,2464,0.2362377437377439,0.15551153528454206
1882-12-01,December,1882,2406,0.111435212514758,0.14335899761658233
1882-12-01,December,1882,1473,0.17064210254577225,0.15394923845645456
1882-12-01,December,1882,702,0.1881428894488595,0.16492242588670097
1882-12-01,December,1882,1494,0.12437025534851615,0.15233522284519005
1882-12-01,December,1882,2294,0.1638871381886088,0.1679843233945007
1882-12-01,December,1882,2145,0.1381210059781489,0.16183376396605803
1882-12-01,December,1882,664,0.16384876423012015,0.15149248117925462
1883-01-01,January,1883,1124,0.09542782738095236,0.14920571187442525
1883-01-01,January,1883,302,0.012831439393939392,0.12666133142416341
1883-01-01,January,1883,2387,0.1411914339347968,0.11995398063644018
1883-01-01,January,1883,1381,0.10656723484848483,0.11741069199357858
1883-01-01,January,1883,1370,0.15295830202855,0.11584942968499876
1883-01-01,January,1883,1550,0.14563568376068373,0.11692295508250372
1883-02-01,February,1883,1998,0.09797126096815537,0.10751188318793732
1883-02-01,February,1883,1009,0.10078431372549017,0.10827709552287128
1883-02-01,February,1883,2335,0.11717867678044673,0.12318384372094375
1883-02-01,February,1883,1192,0.18488263354768208,0.12942544366564165
1883-02-01,February,1883,2233,0.08750223408852856,0.12670187212850503
1883-02-01,February,1883,1523,0.13116634027348312,0.12358873473492406
1883-02-01,February,1883,941,0.19972108843537414,0.13131522111702268
1883-02-01,February,1883,1214,0.12195985025903056,0.13474216244429058
1883-03-01,March,1883,2005,0.2147301148820486,0.15102013403808462
1883-03-01,March,1883,837,0.18009647872452747,0.16000839145866758
1883-03-01,March,1883,1718,0.1206259018759019,0.15082885836269896
1883-03-01,March,1883,929,0.15522289766970612,0.16050323887429577
1883-03-01,March,1883,1287,0.1382457357457357,0.16151458108461755
1883-03-01,March,1883,1071,0.17675538870851373,0.15823376683792323
1883-03-01,March,1883,2179,0.2218457534528964,0.17250318157990405
1883-04-01,April,1883,1603,0.16925652841781874,0.16600695494215692
1883-04-01,April,1883,1272,0.15475389194139194,0.162386585401709
1883-04-01,April,1883,630,0.1676528073916133,0.16910471476109631
1883-04-01,April,1883,2164,0.14401126014240775,0.16750305225719656
1883-04-01,April,1883,1331,0.16674755656714418,0.1715747409459692
1883-05-01,May,1883,285,-0.028079710144927543,0.1423125839669062
1883-05-01,May,1883,728,0.08548726467331122,0.12283279985553687
1883-05-01,May,1883,970,0.18050439997161305,0.12443963864893608
1883-05-01,May,1883,1582,0.09553566681856154,0.11597989220281746
1883-05-01,May,1883,1908,0.08529742858935402,0.10421483808820899
1883-05-01,May,1883,878,0.3036828434723172,0.12702506427819604
1883-06-01,June,1883,821,0.10836141336141332,0.11868418667737735
1883-06-01,June,1883,1405,0.08466100397918579,0.13479000298082208
1883-06-01,June,1883,784,0.1859023199023199,0.1491350108706805
1883-06-01,June,1883,842,0.13656723225688736,0.1428582726257197
1883-06-01,June,1883,3116,0.1614333210761783,0.15227222323395065
1883-06-01,June,1883,807,0.1510034732709151,0.16165880104560224
1883-06-01,June,1883,3432,0.11170565347351062,0.13423348818862987
1883-06-01,June,1883,1529,0.09390256734006727,0.132167938757009
1883-06-01,June,1883,2614,0.13053072537218874,0.13872075609886655
1883-07-01,July,1883,2378,0.09473460410557184,0.12569679669933112
1883-07-01,July,1883,1370,0.0765131473464807,0.11711764171213017
1883-07-01,July,1883,1520,0.005492128545407239,0.0948403284934486
1883-07-01,July,1883,3399,0.08952279085822253,0.08605737386306396
1883-07-01,July,1883,1354,0.15701279546412295,0.09252982271886571
1883-07-01,July,1883,1666,0.1381402691511387,0.09884949440616163
1883-07-01,July,1883,1507,0.09064671323074676,0.09315177838595565
1883-07-01,July,1883,1433,0.1479568666761289,0.10075495875317807
1883-07-01,July,1883,1587,0.04153016941905833,0.09575739047783201
1883-07-01,July,1883,1631,0.09683493530951157,0.10880636287270405
1883-07-01,July,1883,2041,0.12653633271490414,0.11409401170937285
1883-08-01,August,1883,780,0.0718571230899998,0.10192891565592668
1883-08-01,August,1883,1834,0.12511795932186992,0.10006858568031686
1883-08-01,August,1883,632,0.08521970576848628,0.09929329889999393
1883-08-01,August,1883,1698,0.10872480967308552,0.09368871932813058
1883-08-01,August,1883,2109,0.1260558770532864,0.1057638204187346
1883-08-01,August,1883,2228,0.05726670710747145,0.10011121638987172
1883-08-01,August,1883,155,0.6944444444444445,0.18124094663694892
1883-08-01,August,1883,2478,0.11600541125541125,0.18754784494629342
1883-08-01,August,1883,2478,0.05855433429974715,0.17803875565741875
1883-08-01,August,1883,1254,0.1365042989417989,0.18536512611074912
1883-09-01,September,1883,1599,0.1626399711399711,0.19306729203458992
1883-09-01,September,1883,1465,0.08179464715179001,0.186744259191519
1883-09-01,September,1883,686,0.21189919515350547,0.2088346146266667
1883-09-01,September,1883,376,0.24449404761904764,0.14455598650875284
1883-09-01,September,1883,3723,0.11261039629095185,0.14407098437097293
1883-09-01,September,1883,2846,0.12237215157527655,0.15318781541033427
1883-09-01,September,1883,2224,0.14026333768652208,0.15372482094529474
1883-09-01,September,1883,1106,0.20910523300229186,0.16036271549705483
1883-09-01,September,1883,2005,0.1319057347147235,0.1675214422917596
1883-09-01,September,1883,980,0.22162803800444247,0.16891127698475059
1883-09-01,September,1883,2161,0.1005553090801538,0.14834860005062292
1883-09-01,September,1883,889,0.21914335664335668,0.16356759438668075
1883-10-01,October,1883,3149,0.18748688946159775,0.17286969979901237
1883-10-01,October,1883,1060,0.0728314659197012,0.16323657526089508
1883-10-01,October,1883,1319,0.19224556489262368,0.16082805124522823
1883-10-01,October,1883,3162,0.15374301046176048,0.1639476620662335
1883-10-01,October,1883,3865,0.16462284275751782,0.1558040627452443
1883-10-01,October,1883,2598,0.0521903933387187,0.1488947890678964
1883-10-01,October,1883,1699,0.03336493082081316,0.1223550139503902
1883-10-01,October,1883,3815,0.08256813320643101,0.10736662019965208
1883-10-01,October,1883,3674,0.117211145972614,0.11370657449292533
1883-11-01,November,1883,2693,0.0917145888800818,0.09934500649113363
1883-11-01,November,1883,1453,-0.0030802383782516205,0.07694168522827474
1883-11-01,November,1883,1698,0.13170678858178858,0.07223939177459915
1883-11-01,November,1883,2256,0.08936903882025833,0.07755062684339054
1883-11-01,November,1883,2865,0.10114441808191804,0.0872334107378341
1883-11-01,November,1883,1411,0.07383506883506882,0.0859858301133538
1883-12-01,December,1883,463,0.17444444444444449,0.09416201560932959
1883-12-01,December,1883,2868,0.12121348797250855,0.09837614405110484
1883-12-01,December,1883,1503,0.042149604781183736,0.10483755021673848
1883-12-01,December,1883,1301,0.051327912500478884,0.09335485363369424
1883-12-01,December,1883,1442,0.1544889579020013,0.10265769921680036
1883-12-01,December,1883,2177,0.04858128601759172,0.09514868035046804
1883-12-01,December,1883,1242,0.04532627865961197,0.09107599603968848
1883-12-01,December,1883,2458,0.1269119303635433,0.08428563688527402
1883-12-01,December,1883,2601,0.02127730224321133,0.07000903892394585
1883-12-01,December,1883,2789,0.09730878436102314,0.07788892172106575
1884-01-01,January,1884,443,0.021646825396825404,0.07364876642054383
1884-01-01,January,1884,1049,0.1205676020408164,0.06880285844037455
1884-01-01,January,1884,210,0.09603174603174604,0.07558149558525375
1884-01-01,January,1884,219,0.14457142857142855,0.0897593741440847
1884-01-01,January,1884,416,0.13821839080459772,0.09137458277852105
1884-01-01,January,1884,745,0.11896135265700483,0.10532944712334869
1884-01-01,January,1884,2129,0.10788434861639278,0.10684024201697292
1884-02-01,February,1884,78,0.03981481481481482,0.1094356690766857
1884-02-01,February,1884,1044,0.11837067099567099,0.10912182178452208
1884-02-01,February,1884,2737,0.04561158650671359,0.10191894185237459
1884-03-01,March,1884,875,0.13478095238095233,0.10052030239659226
1884-03-01,March,1884,1046,0.2363574520717377,0.11454016829189796
1884-03-01,March,1884,1231,0.07666666666666667,0.10849807029327822
1884-03-01,March,1884,853,0.13936011904761902,0.11299460892631055
1884-03-01,March,1884,1979,0.08211424880029526,0.11903738520995062
1884-03-01,March,1884,2106,0.06195419395419395,0.11097788848973962
1884-03-01,March,1884,3896,0.051775834119584106,0.11185849529157825
1884-04-01,April,1884,402,0.0983906525573192,0.10665988103105924
1884-04-01,April,1884,366,0.14958664021164025,0.09426405076533102
1884-05-01,May,1884,855,0.19513708513708508,0.11118839626110508
1884-05-01,May,1884,567,0.21163098163098165,0.12151280520158544
1884-06-01,June,1884,931,0.08264259549973837,0.12158828330150588
1884-06-01,June,1884,1498,0.09634280813526094,0.12650094247022975
1884-07-01,July,1884,307,0.1389398101898102,0.13895293905169062
1884-07-01,July,1884,1016,0.07261104253872849,0.13527013762046336
1884-08-01,August,1884,344,0.1332142857142857,0.13293122983512698
1884-08-01,August,1884,622,0.1739235055724418,0.12990071846874937
1884-09-01,September,1884,988,0.02235308012093726,0.10286101825302876
1884-09-01,September,1884,1043,-0.002573465749936337,0.09068729521736095
1884-09-01,September,1884,911,0.0607142857142857,0.08559750630007877
1884-09-01,September,1884,1283,0.06394460477793812,0.0748839055269542
1884-09-01,September,1884,723,0.16036758563074355,0.0874205545400992
1884-10-01,October,1884,415,0.109324526048664,0.08400773173072465
1884-10-01,October,1884,1837,0.17981140772807438,0.08484886061010075
1884-10-01,October,1884,684,0.17503263931835356,0.10666022620973163
1884-10-01,October,1884,1934,0.0961138861138861,0.12075841933313483
1884-11-01,November,1884,579,0.18864758698092024,0.13903460522836836
1884-11-01,November,1884,1394,0.10325303416821273,0.14465009514126473
1884-11-01,November,1884,1334,0.183665404040404,0.14797835491407335
1884-11-01,November,1884,608,0.14272186147186147,0.152749402831673
1884-11-01,November,1884,1943,0.16642014584967602,0.1508363654204732
1884-12-01,December,1884,3299,0.09591137936952912,0.13953332828492687
1884-12-01,December,1884,2892,0.09150427697302699,0.1388748126933756
1884-12-01,December,1884,847,0.06260138146167557,0.12086821190491205
1884-12-01,December,1884,493,0.1584277650454121,0.12875031631594053
1884-12-01,December,1884,431,0.14583333333333334,0.123345734786359
1885-01-01,January,1885,643,0.11073757763975156,0.11877655138177187
1885-01-01,January,1885,673,0.06511459460678212,0.10430432977564418
1885-01-01,January,1885,970,0.15336012564671106,0.11251129352952731
1885-02-01,February,1885,791,0.1731610275689223,0.12417654361465522
1885-02-01,February,1885,925,0.06804468362687542,0.12495415820968377
1885-03-01,March,1885,5,0.0,0.10232162034605345
1885-03-01,March,1885,11,0.0,0.08148828701272012
1885-03-01,March,1885,6,0.0,0.06566863306418418
1885-03-01,March,1885,567,0.1231150793650794,0.07395441660108379
1885-03-01,March,1885,905,0.16453463203463192,0.07555077465650105
1885-04-01,April,1885,648,0.09793591654247392,0.06480433022415129
1885-04-01,April,1885,1396,0.08114052614052612,0.06667516486895853
1885-04-01,April,1885,750,0.1819326725905673,0.092665546667611
1885-04-01,April,1885,786,0.1487073112073112,0.11390944826865546
1885-04-01,April,1885,985,0.14505330086580087,0.1346313483923413
1885-04-01,April,1885,1960,0.1179932991160536,0.13389966549962332
1885-04-01,April,1885,1385,0.15941786283891546,0.13316869847166382
1885-04-01,April,1885,1220,0.05787717399559504,0.12744602096496685
1885-05-01,May,1885,378,0.25612244897959185,0.1524434385134048
1885-05-01,May,1885,1867,0.1517257322257322,0.14812816131842838
1885-05-01,May,1885,1104,0.09846600540775297,0.14095083191849148
1885-05-01,May,1885,1417,0.16447819600361974,0.14372581693817987
1885-05-01,May,1885,437,0.162429489702217,0.15007384416477465
1885-06-01,June,1885,887,0.1425245653817082,0.1476605159566022
1885-06-01,June,1885,1139,0.1886949855699855,0.1663487747529437
1885-06-01,June,1885,1220,0.13083907979925674,0.1484511505843244
1885-06-01,June,1885,449,0.1569768170426065,0.14920130555816358
1885-06-01,June,1885,2491,0.1286249178395775,0.15350972161985282
1885-07-01,July,1885,153,0.3515873015873016,0.1802395938460931
1885-07-01,July,1885,844,0.14735660173160173,0.1780863241360052
1885-07-01,July,1885,934,0.15916279519938056,0.18046321410995841
1885-07-01,July,1885,891,0.11636433531746035,0.17013026407388337
1885-07-01,July,1885,3669,0.1288127886002888,0.16984079390260226
1885-08-01,August,1885,677,0.17873872655122655,0.17294963811811942
1885-08-01,August,1885,1581,0.08452118080025059,0.16664910425535842
1885-08-01,August,1885,968,0.1500683465085639,0.13786068210125305
1885-08-01,August,1885,831,0.05387786596119929,0.12450657699119556
1885-09-01,September,1885,322,0.11142020202020203,0.11768620653702719
1885-09-01,September,1885,944,0.1810155122655123,0.12692208895817747
1885-10-01,October,1885,654,0.16177579365079367,0.13163108967967818
1885-10-01,October,1885,2061,0.06192889121460555,0.11494397034587518
1885-10-01,October,1885,1951,0.1332045596016184,0.12189873874607057
1885-10-01,October,1885,2008,0.1076280852655198,0.11583584428277856
1885-10-01,October,1885,2130,0.11032992897070566,0.12390042471270804
1885-11-01,November,1885,1336,0.06750134163357306,0.11762630180033248
1885-11-01,November,1885,1514,0.08062539772167104,0.10328485686549803
1885-11-01,November,1885,1946,0.18196278942017588,0.1061687134039812
1885-11-01,November,1885,2026,0.13025091681142642,0.11592900277495562
1885-11-01,November,1885,712,0.07492673992673994,0.1076035999642587
1885-11-01,November,1885,958,0.05914399092970521,0.10067730077342804
1885-11-01,November,1885,707,0.07344104308390023,0.09540745993245582
1885-11-01,November,1885,983,0.10527039497969733,0.10080303898190215
1885-12-01,December,1885,1042,0.026526217228464412,0.09307458462572978
1885-12-01,December,1885,1490,0.12109071093226025,0.08437857341317039
1885-12-01,December,1885,1667,0.15790771010598592,0.08832954388382175
1885-12-01,December,1885,2675,0.17169580301495194,0.10215369575356632
1885-12-01,December,1885,1039,0.13150757170420094,0.11249135014992284
1886-01-01,January,1886,541,0.11703509256700745,0.11871907150465245
1886-01-01,January,1886,1530,0.07754224270353302,0.11475790689377184
1886-01-01,January,1886,1713,0.13558339298496772,0.13033750343041517
1886-01-01,January,1886,2914,0.15054758725735745,0.13454562861971478
1886-01-01,January,1886,2139,0.1311456454425204,0.130722476524934
1886-01-01,January,1886,803,0.1049283746556474,0.12118427247360476
1886-02-01,February,1886,1249,0.15247738095238092,0.12417995950905904
1886-02-01,February,1886,1283,0.2031636904761905,0.13648404492465663
1886-02-01,February,1886,1784,0.13747716769868665,0.1450461770668214
1886-02-01,February,1886,766,0.19871212121212126,0.15406456681355762
1886-02-01,February,1886,1778,0.12097503815129708,0.14983991694126328
1886-02-01,February,1886,2259,0.14389663682277312,0.15166148713844227
1886-02-01,February,1886,1281,0.15592885181375274,0.15894726958960018
1886-02-01,February,1886,822,0.16479402872260018,0.1607067906996315
1886-02-01,February,1886,118,0.028571428571428574,0.1357650389989512
1886-02-01,February,1886,896,0.13890350877192986,0.1359688020094145
1886-02-01,February,1886,855,0.15985335814283178,0.13041755014237316
1887-07-01,July,1887,784,0.16119652406417118,0.13616347670135517
1887-07-01,July,1887,658,0.2218637992831541,0.14730164276712387
1888-02-01,February,1888,774,0.1871601248214151,0.15176325319678993
1888-02-01,February,1888,816,0.06596681096681095,0.1376450792316772
1888-02-01,February,1888,299,0.09532467532467534,0.1471812573392839
1888-03-01,March,1888,918,0.17434998882181985,0.15224504020355387
1888-03-01,March,1888,573,0.14450877825877828,0.1500529573629748
1888-03-01,March,1888,1050,0.1119009344314222,0.14301073027258207
1888-03-01,March,1888,919,0.13360180754917594,0.1304018743105852
1888-03-01,March,1888,727,0.16315893308080812,0.12697313263335566
1888-03-01,March,1888,1046,0.15371212121212122,0.13950817695411424
1888-04-01,April,1888,954,0.15965264187866926,0.14869788646182766
1888-04-01,April,1888,792,0.09192352092352096,0.13692267676207068
1888-04-01,April,1888,714,0.15209295334295336,0.13800613034552428
1888-04-01,April,1888,560,0.09949675324675326,0.13623410446200016
1888-04-01,April,1888,838,0.19189903846153847,0.14456228030662338
1888-04-01,April,1888,657,-0.019185861308502826,0.11851302396529326
1888-04-01,April,1888,1063,0.15286287477954144,0.11839170304635328
1888-04-01,April,1888,1155,0.10922308948066524,0.11118748127520986
1888-05-01,May,1888,1517,0.15601234916452306,0.1203430281667816
1888-05-01,May,1888,775,0.1497344411860541,0.12000609785865314
1888-05-01,May,1888,1385,0.1712989221662691,0.13026355056144112
1888-05-01,May,1888,445,0.048572974644403216,0.10978839858756466
1888-05-01,May,1888,1945,0.11780870392234027,0.1293590507633994
1888-05-01,May,1888,1232,0.14955164116928826,0.1288860173905061
1888-05-01,May,1888,541,0.11845348529021997,0.13020464536329962
1888-05-01,May,1888,1867,0.06904004973201402,0.1177800311586555
1888-05-01,May,1888,598,0.07613798701298699,0.10726625199107447
1888-05-01,May,1888,1083,0.16730174081237909,0.10669522608337591
1888-05-01,May,1888,294,0.2840909090909091,0.1403406452900196
1888-05-01,May,1888,645,0.029502588914353606,0.12772548600316438
1888-05-01,May,1888,739,0.1364310009718173,0.12585110883209707
1888-05-01,May,1888,531,-0.02041359541359541,0.10601295444583773
1888-05-01,May,1888,1935,0.16670931042641568,0.11996570597360941
1888-06-01,June,1888,1189,0.10536239013511743,0.1241406207053423
1888-06-01,June,1888,837,0.13548608673608675,0.11959552726587197
1888-06-01,June,1888,1059,0.0778992691895918,0.09013957870854093
1888-06-01,June,1888,2711,0.1327802926240427,0.10489353638135365
1888-06-01,June,1888,618,0.14071025020177566,0.10550485769991913
1888-06-01,June,1888,823,0.11937860082304524,0.12547517144801065
1888-06-01,June,1888,568,0.0999821039526922,0.11594271338033589
1888-06-01,June,1888,938,0.07640484515484516,0.111805921240297
1888-06-01,June,1888,1266,0.09125537328168913,0.10548724788966876
1888-06-01,June,1888,377,0.09648809523809523,0.1081427944680264
1888-07-01,July,1888,1522,0.10965688311688317,0.10483945025271789
1888-07-01,July,1888,1690,0.1430122128479793,0.1051683020593184
1888-07-01,July,1888,1414,0.07015180666695815,0.0981359028941631
1888-07-01,July,1888,1945,0.11361644308072873,0.10008366562673975
1888-07-01,July,1888,1585,0.09399063176406926,0.10259592085662891
1888-07-01,July,1888,1011,0.16624553571428566,0.1133088012041427
1888-07-01,July,1888,359,0.18254329004329006,0.1256024004620277
1888-07-01,July,1888,1035,0.042079028379028376,0.11594842121376271
1888-07-01,July,1888,652,0.1143985963531418,0.11186076171450021
1888-07-01,July,1888,1156,0.1922629521016618,0.12930521106231502
1888-07-01,July,1888,1204,0.12044620161910455,0.13028089085351155
1888-07-01,July,1888,603,0.10336960878627544,0.1316207447138267
1888-08-01,August,1888,1116,0.17445959595959593,0.13279418189172817
1888-08-01,August,1888,1032,0.14954576976421632,0.12808025042328908
1888-08-01,August,1888,613,0.21200989486703767,0.15235608849300467
1888-08-01,August,1888,1625,0.07345554295102487,0.14650708086413083
1888-08-01,August,1888,1211,0.10610216750841746,0.1341983973508102
1888-08-01,August,1888,510,0.1190124933545986,0.1339935818844522
1888-08-01,August,1888,1609,0.13594639113507034,0.13864740793428007
1888-08-01,August,1888,753,0.15839790153349476,0.13635288015912278
1888-08-01,August,1888,483,0.1761405723905724,0.14015213767717363
1888-08-01,August,1888,791,0.15859622428853198,0.13252161330881568
1888-08-01,August,1888,1382,0.14758368694012253,0.14311134816440108
1888-08-01,August,1888,1797,0.0908064191700555,0.14092624125892078
1888-08-01,August,1888,23,-0.125,0.10606731363683528
1888-08-01,August,1888,802,0.14016393255866938,0.10666981955449228
1888-09-01,September,1888,1602,0.1364185045435045,0.10352990569877939
1888-09-01,September,1888,917,0.13771609800455956,0.09804069507220611
1888-09-01,September,1888,872,0.02759991835649731,0.07932693708191543
1888-09-01,September,1888,2334,0.1178268704565874,0.07507596329855327
1888-09-01,September,1888,1840,0.07263540776279627,0.07248010452608768
1888-09-01,September,1888,1418,0.11825907888407887,0.10723140150952751
1888-09-01,September,1888,1369,0.08625176694054247,0.0995296635640808
1888-09-01,September,1888,716,0.07472793872793873,0.09071672559042855
1888-09-01,September,1888,2618,0.1953506493506494,0.09895023292558425
1888-09-01,September,1888,1495,0.15842048302574613,0.11763888502119121
1888-09-01,September,1888,1477,0.12206965606571905,0.11824499725106717
1888-09-01,September,1888,1214,0.11314043322470288,0.12403142945991097
1888-09-01,September,1888,749,0.10095440708454406,0.12155933348854886
1888-09-01,September,1888,2281,0.10425808740897496,0.12413166498403923
1888-09-01,September,1888,1009,0.09829761904761906,0.12749876217256498
1888-10-01,October,1888,2179,0.11307053144224195,0.11574445961422107
1888-10-01,October,1888,362,-0.0042319399350649305,0.09250839919124806
1888-10-01,October,1888,810,0.0927818362193362,0.08832442492747908
1888-10-01,October,1888,996,0.16974082341269842,0.09641019495433559
1888-10-01,October,1888,770,0.12993516514349845,0.10055030324847193
1888-10-01,October,1888,959,0.167184021335807,0.1095397223808765
1888-10-01,October,1888,858,0.17906415681696575,0.12107779920506889
1888-10-01,October,1888,737,0.05700932940516276,0.11306905605691472
1888-10-01,October,1888,1422,0.1703573344060069,0.13801038096278212
1888-10-01,October,1888,1681,0.15526452083270262,0.1469364787646916
1888-10-01,October,1888,906,0.12358484848484845,0.14034276806071302
1888-10-01,October,1888,1938,0.16830746676491362,0.1458245254352009
1888-10-01,October,1888,676,0.21433831672203765,0.15256085334751956
1888-10-01,October,1888,881,0.1090314614962502,0.14255618258741734
1888-10-01,October,1888,563,0.22556134117454876,0.16663504141161534
1888-11-01,November,1888,1680,0.12168530982399595,0.15968189504275662
1888-11-01,November,1888,754,0.14839691558441562,0.15870080857871563
1888-11-01,November,1888,1032,0.10501799557032117,0.15604840101949743
1888-11-01,November,1888,907,0.12027017159547282,0.1491859302810059
1888-11-01,November,1888,393,0.3901488095238096,0.1743017149669733
1888-12-01,December,1888,992,0.19854700854700852,0.1870896502599388
1888-12-01,December,1888,155,0.22130952380952384,0.18648224777922093
1888-12-01,December,1888,797,0.2104843893480257,0.199167830568368
1889-01-01,January,1889,1453,0.09632819794584496,0.19172944233428652
1889-01-01,January,1889,260,0.25857843137254904,0.21366664744889047
1889-01-01,January,1889,1284,0.09947022306397306,0.21069522623010478
1889-01-01,January,1889,2064,0.06408492538732058,0.16411467135346353
1889-01-01,January,1889,1758,0.11154318002722256,0.15168555299349412
1889-01-01,January,1889,775,0.2156055437100213,0.1508706986935652
1889-01-01,January,1889,3245,0.058825201531968435,0.12920510043412842
1889-01-01,January,1889,879,0.15790182670864492,0.13800133311452842
1889-02-01,February,1889,1703,0.10527733604264213,0.11610117663882745
1889-02-01,February,1889,896,0.24538701197792115,0.1369464321979629
1889-02-01,February,1889,912,0.1239237451737452,0.14549483502459498
1889-03-01,March,1889,1566,0.07271499508894468,0.13994795146198385
1889-03-01,March,1889,784,0.16038690476190476,0.13205957446939579
1889-03-01,March,1889,1048,0.10495603354978354,0.13864969332908364
1889-03-01,March,1889,997,0.1852387413581443,0.1425549668504407
1889-04-01,April,1889,1070,0.1657675520638483,0.15119642628204158
1889-04-01,April,1889,266,0.042965367965367963,0.12227904856596254
1889-04-01,April,1889,1647,0.08265778591281947,0.11638391152868745
1889-04-01,April,1889,796,0.10802521008403364,0.1214282279565573
1889-04-01,April,1889,909,0.13954034391534387,0.11845014783562004
1889-04-01,April,1889,1323,0.0845749101527404,0.1155385587788996
1889-05-01,May,1889,1058,0.1760122350263195,0.11422048644578175
1889-05-01,May,1889,1968,0.10453626730412444,0.1054731600515355
1889-05-01,May,1889,2389,0.04401575994486442,0.1056232160486064
1889-05-01,May,1889,1009,0.1326062504746715,0.11275871098601385
1889-06-01,June,1889,1058,0.09161803751803753,0.11041482919087155
1889-06-01,June,1889,1103,0.12844102178812916,0.1088292117441266
1889-06-01,June,1889,1482,0.08236890540015541,0.10851406820804302
1889-06-01,June,1889,1289,0.17160058529217412,0.10788383253173654
1889-07-01,July,1889,1751,0.13489559136662796,0.1122208788263799
1889-07-01,July,1889,1238,0.17037794237012988,0.1302726191728464
1889-07-01,July,1889,585,0.15797101449275364,0.1338961568897153
1889-07-01,July,1889,1225,0.10078318546140326,0.13520546373876755
1889-08-01,August,1889,619,0.16963280766852193,0.14109000457882365
1889-09-01,September,1889,3770,0.1440489134342955,0.1499014342979865
1889-09-01,September,1889,1867,0.14592057870904024,0.1462328619289674
1889-09-01,September,1889,2700,0.12957362414300214,0.14547258089702084
1889-09-01,September,1889,753,-0.004232142857142856,0.12052828300741046
1889-09-01,September,1889,3668,0.08324488642670458,0.10985312185511774
1889-10-01,October,1889,1298,0.10299953715048052,0.1101697435249859
1889-10-01,October,1889,1070,0.19453273809523805,0.11372687644308821
1889-10-01,October,1889,830,0.1756330466070726,0.11823889546777065
1889-11-01,November,1889,794,0.2001556776556776,0.12598676674586168
1889-11-01,November,1889,1253,0.17089285714285712,0.13188951431726956
1889-11-01,November,1889,1299,0.19745228049025515,0.16070157479546926
1889-12-01,December,1889,435,0.10632594417077178,0.16399886875890743
1889-12-01,December,1889,1309,0.17454449630230884,0.1742195772091686
1890-01-01,January,1890,911,0.11023882648882652,0.16217758983682412
1890-01-01,January,1890,1812,0.10354070929070926,0.15187868450591507
1890-01-01,January,1890,994,0.12128503075871495,0.14061144923492042
1890-01-01,January,1890,700,0.20400943396226406,0.14534238878054997
1890-02-01,February,1890,1387,0.18494159086855708,0.14355514740602165
1890-02-01,February,1890,1712,0.12236706349206347,0.14584673588049188
1890-03-01,March,1890,566,0.19662867274569396,0.1490016182295469
1890-04-01,April,1890,960,0.10393717728055077,0.14810138262836467
1890-05-01,May,1890,544,0.16530448717948712,0.15692477946961866
1890-05-01,May,1890,1391,0.1602561327561327,0.16249207975496405
1890-05-01,May,1890,969,0.16872443977591034,0.15745136629977066
1890-05-01,May,1890,587,0.06704137392661982,0.1406084781652082
1890-05-01,May,1890,624,0.15121376811594206,0.1447294359686194
1890-05-01,May,1890,721,0.11147746598639456,0.13256497786014806
1890-05-01,May,1890,534,0.06977169655741085,0.12768419489969954
1890-05-01,May,1890,1090,0.0893042172880883,0.11682701348664255
1890-05-01,May,1890,729,0.12119140916554713,0.11124633868798747
1890-06-01,June,1890,258,-0.03875,0.08160713300571457
1890-06-01,June,1890,536,0.06249007936507937,0.08095694806835164
1890-06-01,June,1890,688,0.12589569160997735,0.07734007999607097
1890-06-01,June,1890,309,0.0753735632183908,0.07218237960064187
1890-06-01,June,1890,916,0.15970884806250651,0.08503054410136981
1890-06-01,June,1890,1559,0.11902511136206785,0.08927638611193833
1890-07-01,July,1890,682,0.16571208112874786,0.09563648210668128
1890-07-01,July,1890,928,0.015096957836683862,0.10332890465477897
1890-07-01,July,1890,118,-0.1031666666666667,0.07966365522167239
1890-07-01,July,1890,553,0.08566558441558443,0.07391649705104483
1890-07-01,July,1890,407,0.11696428571428576,0.07985802883617267
