G,MP,FG,FGA,FG%,3P,3PA,3P%,FT,FTA,FT%,ORB,DRB,TRB,AST,STL,BLK,TOV,PF,PTS,+/-,TS%,eFG%,3PAr,FTr,ORB%,DRB%,TRB%,AST%,STL%,BLK%,TOV%,USG%,ORtg,DRtg,BPM,Tm,Opp,W,L
1,241.6891891891892,40.2972972972973,89.078125,0.45939062500000005,13.554054054054054,22.943661971830984,0.5264347826086956,21.5,28.738095238095237,17.845672413793103,15.728813559322035,31.65,42.714285714285715,25.044444444444444,15.203125,50.38356164383562,16.525,25.78048780487805,107.36585365853658,0.5743076923076923,0.5397027027027028,0.35064864864864864,0.27483783783783783,11.454,41.581081081081074,67.00540540540541,54.96756756756757,42.62702702702703,8.927027027027028,10.36216216216216,44.78918918918919,104.6297297297297,105.54864864864865,99.54166666666667,,106.21621621621621,100.48648648648648,0.6081081081081081,0.3918918918918919
2,241.6891891891892,38.63513513513514,88.63793103448276,0.4386896551724139,13.364864864864865,22.76388888888889,0.47563380281690154,19.488372093023255,26.906976744186046,14.8332,15.442307692307692,30.146341463414632,41.86046511627907,22.622222222222224,15.142857142857142,49.013698630136986,17.24390243902439,24.78048780487805,100.70731707317073,0.5244615384615384,0.5020810810810812,0.32432432432432434,0.2632432432432433,11.902459459459461,41.3027027027027,66.12162162162163,52.35945945945946,41.659459459459455,8.07837837837838,11.043243243243243,44.58108108108108,101.17297297297297,102.02432432432431,104.37499999999999,,101.54054054054055,100.85135135135135,1.1216216216216217,0.8783783783783784
3,240.33783783783784,39.445945945945944,89.47692307692307,0.4516461538461538,13.0,21.863013698630137,0.4970428571428571,20.431818181818183,27.727272727272727,19.23005,15.82258064516129,29.88372093023256,41.02272727272727,23.681818181818183,16.238805970149254,49.0945945945946,17.585365853658537,24.121951219512194,103.4390243902439,0.5552307692307693,0.5222702702702703,0.3360540540540541,0.2993243243243244,11.503567567567567,42.80540540540541,66.46486486486486,53.96486486486486,43.162162162162154,9.113513513513514,10.675675675675675,45.01621621621622,102.92702702702704,104.06216216216217,101.85000000000002,,103.5,98.44594594594595,1.7837837837837838,1.2162162162162162
4,241.01351351351352,38.567567567567565,87.86440677966101,0.44949152542372867,14.324324324324325,24.041666666666668,0.4871666666666667,18.511627906976745,24.627906976744185,17.357803571428573,14.851851851851851,29.404761904761905,39.54545454545455,24.755555555555556,13.918032786885245,47.945945945945944,14.975,23.70731707317073,102.97560975609755,0.5463846153846155,0.5345135135135136,0.3545945945945947,0.27499999999999997,10.975486486486489,40.38648648648648,65.85675675675678,55.54324324324324,43.305405405405395,8.464864864864865,9.75945945945946,44.5918918918919,103.8108108108108,107.65945945945944,103.82499999999999,,101.91891891891892,98.75675675675676,2.364864864864865,1.635135135135135
5,242.36486486486487,39.58108108108108,88.47457627118644,0.456322033898305,13.18918918918919,22.38888888888889,0.48977464788732394,19.38095238095238,25.452380952380953,17.267931034482757,14.418181818181818,30.75,41.904761904761905,24.09090909090909,15.596774193548388,49.458333333333336,15.775,23.48780487804878,104.07317073170732,0.5467692307692309,0.5262162162162163,0.34221621621621623,0.25797297297297295,10.24762162162162,41.02432432432432,66.56756756756755,52.92162162162163,42.60270270270269,8.42162162162162,9.310810810810809,44.2027027027027,102.98108108108109,105.97567567567566,102.38333333333333,,103.27027027027027,101.87837837837837,2.891891891891892,2.108108108108108
6,243.3783783783784,38.66216216216216,89.30645161290323,0.4519354838709676,14.22972972972973,23.541666666666668,0.5077142857142858,18.767441860465116,26.046511627906977,20.53983870967742,15.517241379310345,30.975609756097562,41.02272727272727,23.25581395348837,15.415384615384616,50.583333333333336,15.875,23.073170731707318,101.4390243902439,0.5312307692307693,0.5186216216216214,0.34040540540540537,0.2752162162162162,10.496135135135136,39.73243243243244,65.47297297297295,52.44324324324324,41.48918918918919,8.432432432432432,11.970270270270266,43.8027027027027,101.18648648648649,104.27027027027026,99.28750000000001,,102.16216216216216,99.22972972972973,3.554054054054054,2.445945945945946
7,240.0,40.41891891891892,88.66129032258064,0.4668548387096776,12.675675675675675,22.014084507042252,0.5052535211267605,18.11627906976744,24.6046511627907,15.101833333333333,16.263157894736842,29.536585365853657,39.90909090909091,25.59090909090909,15.140625,50.888888888888886,15.0,22.951219512195124,102.2439024390244,0.5847692307692307,0.5314324324324327,0.33183783783783793,0.2598918918918919,11.479324324324324,41.19999999999998,66.0918918918919,53.62162162162161,44.75405405405406,8.645945945945945,10.451351351351354,43.26756756756757,104.54324324324325,105.77027027027029,103.2791666666667,,103.5,99.28378378378379,4.202702702702703,2.7972972972972974
8,241.6891891891892,39.986486486486484,89.2,0.45964615384615365,13.81081081081081,22.84285714285714,0.5377500000000001,21.022727272727273,27.90909090909091,20.03267741935484,15.618181818181819,29.928571428571427,41.04651162790697,24.369565217391305,15.73134328358209,51.18055555555556,14.35,21.463414634146343,105.6829268292683,0.5568461538461538,0.5342432432432432,0.3493243243243244,0.2924054054054054,10.334513513513514,41.535135135135135,66.55945945945946,55.10810810810812,43.856756756756766,9.127027027027026,8.929729729729727,43.64324324324324,104.71621621621624,107.6162162162162,103.35000000000001,,105.60810810810811,98.51351351351352,4.945945945945946,3.054054054054054
9,240.67567567567568,39.66216216216216,88.96923076923076,0.4548923076923077,14.108108108108109,23.577464788732396,0.5056760563380283,20.25581395348837,28.162790697674417,20.370322580645162,16.796875,29.761904761904763,41.325581395348834,23.863636363636363,14.692307692307692,50.84931506849315,14.951219512195122,22.878048780487806,103.53658536585365,0.5534615384615384,0.5298108108108106,0.35210810810810816,0.30656756756756764,10.80227027027027,42.18918918918919,65.2891891891892,54.77297297297297,41.75135135135135,7.978378378378378,9.829729729729728,43.69189189189189,103.82972972972975,108.57027027027027,105.72499999999998,,104.74324324324324,100.98648648648648,5.581081081081081,3.418918918918919
10,241.35135135135135,39.189189189189186,89.1774193548387,0.45445161290322567,14.175675675675675,22.944444444444443,0.5468028169014083,18.72093023255814,25.558139534883722,18.284898305084745,15.94915254237288,30.166666666666668,41.23255813953488,24.40909090909091,14.890625,48.270270270270274,16.21951219512195,23.073170731707318,103.29268292682927,0.5609999999999999,0.5283513513513514,0.3408648648648649,0.2875945945945947,10.556027027027028,40.332432432432434,64.42702702702704,52.951351351351356,42.72972972972975,7.729729729729732,10.102702702702704,44.28918918918919,102.83243243243244,105.81621621621623,107.69166666666668,,103.0945945945946,100.9054054054054,6.175675675675675,3.824324324324324
11,242.02702702702703,40.054054054054056,90.16129032258064,0.45235483870967735,14.108108108108109,23.323943661971832,0.5240704225352113,18.928571428571427,24.80952380952381,18.56889655172414,15.767857142857142,31.5,43.146341463414636,23.651162790697676,14.344262295081966,50.861111111111114,16.153846153846153,23.682926829268293,104.51219512195122,0.575076923076923,0.537027027027027,0.3484054054054054,0.26175675675675675,10.701135135135138,42.578378378378375,65.7081081081081,54.0189189189189,40.67027027027028,7.562162162162163,9.13783783783784,45.148648648648646,105.16756756756756,105.90810810810811,102.87916666666668,,104.74324324324324,102.1891891891892,6.716216216216216,4.283783783783784
12,241.6891891891892,39.36486486486486,88.93442622950819,0.45085245901639354,14.391891891891891,23.58108108108108,0.49532876712328766,21.46511627906977,27.74418604651163,18.56755172413793,14.892857142857142,30.78048780487805,41.41860465116279,22.666666666666668,14.484848484848484,51.027027027027025,15.24390243902439,22.51219512195122,102.90243902439025,0.5537692307692308,0.5126756756756756,0.33010810810810803,0.2795675675675676,11.576864864864866,39.454054054054055,68.25675675675679,53.529729729729745,40.848648648648656,8.07837837837838,9.570270270270269,43.554054054054056,103.94054054054054,102.76756756756754,104.21666666666665,,105.06756756756756,99.33783783783784,7.391891891891892,4.608108108108108
13,240.67567567567568,39.75675675675676,92.04838709677419,0.4456290322580644,13.621621621621621,23.17808219178082,0.4958055555555558,18.65909090909091,25.613636363636363,19.275770491803282,16.483333333333334,28.755555555555556,40.111111111111114,22.708333333333332,15.17142857142857,49.729729729729726,13.804878048780488,23.121951219512194,102.39024390243902,0.5493076923076924,0.5166216216216216,0.334918918918919,0.2645945945945946,12.716162162162162,39.47567567567568,66.26486486486486,52.79459459459461,39.67027027027027,7.900000000000003,9.383783783783787,43.048648648648644,104.5972972972973,106.42702702702704,104.29166666666667,,103.77027027027027,101.4054054054054,7.945945945945946,5.054054054054054
14,242.36486486486487,40.067567567567565,91.35593220338983,0.4544067796610169,13.04054054054054,22.253521126760564,0.5068028169014085,17.952380952380953,23.261904761904763,19.98740677966102,16.527272727272727,31.9,43.476190476190474,23.325581395348838,14.35,51.0,15.820512820512821,21.902439024390244,101.51219512195122,0.5480769230769231,0.5148918918918919,0.33743243243243254,0.24259459459459456,9.446351351351353,41.400000000000006,66.15675675675676,54.262162162162156,40.064864864864866,8.624324324324325,10.427027027027028,43.77297297297297,101.74324324324323,103.81351351351351,99.38749999999999,,103.1891891891892,99.79729729729729,8.54054054054054,5.45945945945946
15,242.7027027027027,39.851351351351354,89.68852459016394,0.4621639344262296,13.486486486486486,22.071428571428573,0.5375294117647059,20.333333333333332,27.357142857142858,17.683894736842106,16.46551724137931,30.365853658536587,41.76744186046512,23.31111111111111,14.73015873015873,49.90277777777778,16.0,21.29268292682927,105.8048780487805,0.568846153846154,0.5407837837837837,0.35283783783783773,0.27499999999999997,13.011648648648649,38.770270270270274,66.72972972972973,53.05405405405406,39.46756756756757,8.20810810810811,9.764864864864865,44.77297297297297,105.78378378378379,107.38108108108105,102.97916666666667,,104.5945945945946,100.52702702702703,9.175675675675675,5.824324324324325
16,240.67567567567568,39.4054054054054,89.76923076923077,0.4512923076923077,13.932432432432432,22.774647887323944,0.511450704225352,19.428571428571427,25.095238095238095,19.48095081967213,16.35,29.7,41.57142857142857,22.666666666666668,15.215384615384615,51.333333333333336,15.725,22.682926829268293,101.85365853658537,0.5573076923076923,0.5154594594594596,0.33491891891891895,0.25870270270270274,11.222567567567568,40.900000000000006,64.84864864864863,52.64324324324324,40.8081081081081,9.54054054054054,10.197297297297297,43.832432432432434,104.06216216216217,104.4297297297297,100.33750000000002,,103.60810810810811,99.05405405405405,9.837837837837839,6.162162162162162
17,241.35135135135135,39.810810810810814,90.26229508196721,0.4530819672131146,13.81081081081081,23.12676056338028,0.5124366197183097,19.511111111111113,26.2,18.314067796610168,15.75438596491228,29.047619047619047,39.22727272727273,23.866666666666667,15.15625,50.736111111111114,14.948717948717949,22.475,104.5609756097561,0.5593076923076923,0.5285135135135136,0.3447297297297297,0.26462162162162167,10.41527027027027,39.84054054054053,64.44594594594597,54.37027027027027,41.621621621621635,7.975675675675674,10.370270270270273,43.71351351351352,103.9918918918919,106.76756756756755,103.43333333333334,,104.37837837837837,102.48648648648648,10.324324324324325,6.675675675675675
18,240.33783783783784,39.945945945945944,89.70967741935483,0.46137096774193537,13.797297297297296,22.875,0.5193521126760564,19.272727272727273,26.045454545454547,17.179172413793104,16.28813559322034,29.170731707317074,40.81395348837209,23.704545454545453,14.738461538461538,49.689189189189186,14.951219512195122,21.829268292682926,104.0,0.5577692307692307,0.5364054054054055,0.3581351351351352,0.2661891891891892,10.960054054054051,40.78108108108108,64.8837837837838,53.667567567567566,41.8972972972973,8.002702702702702,9.175675675675679,44.14594594594595,104.39459459459461,106.81081081081079,104.81666666666662,,104.56756756756756,101.72972972972973,10.905405405405405,7.094594594594595
19,243.3783783783784,40.25675675675676,91.11475409836065,0.4557540983606558,13.324324324324325,22.9,0.5396956521739129,18.11627906976744,23.767441860465116,17.778672413793103,16.089285714285715,30.71794871794872,41.627906976744185,23.84090909090909,15.366666666666667,50.87323943661972,15.157894736842104,24.0,104.21951219512195,0.557,0.53,0.3448378378378377,0.25408108108108113,11.88978378378378,39.567567567567565,65.84324324324328,52.18378378378378,43.18378378378378,7.8675675675675665,9.743243243243244,43.78378378378378,104.45945945945945,105.93513513513514,101.45833333333333,,103.98648648648648,99.74324324324324,11.513513513513514,7.486486486486487
20,242.36486486486487,40.351351351351354,89.54237288135593,0.4639322033898304,13.621621621621621,22.98611111111111,0.5113333333333334,18.302325581395348,24.209302325581394,18.330169491525425,14.636363636363637,29.325581395348838,39.77272727272727,24.177777777777777,14.830769230769231,48.63013698630137,15.075,23.29268292682927,106.36585365853658,0.5479999999999999,0.5430270270270271,0.37108108108108107,0.277,11.623459459459461,42.508108108108104,65.69999999999997,52.654054054054065,41.21351351351351,7.935135135135132,9.35135135135135,43.43783783783784,103.32972972972972,111.82162162162162,105.54583333333333,,104.54054054054055,101.5,12.162162162162161,7.837837837837838
21,241.6891891891892,40.5,89.87878787878788,0.4612727272727273,13.297297297297296,22.694444444444443,0.5222916666666666,18.74418604651163,24.627906976744185,19.294084745762714,15.704918032786885,28.926829268292682,40.325581395348834,24.522727272727273,14.5,49.83561643835616,16.1,22.073170731707318,105.09756097560975,0.5865384615384616,0.5510000000000002,0.36105405405405405,0.27716216216216216,11.576513513513513,39.16216216216217,65.93513513513511,54.067567567567565,42.12432432432431,8.124324324324327,9.13783783783784,44.524324324324326,105.72702702702703,108.67027027027028,101.26666666666667,,104.85135135135135,98.45945945945945,12.878378378378379,8.121621621621621
22,241.6891891891892,40.45945945945946,86.7090909090909,0.4784727272727272,14.324324324324325,23.305555555555557,0.5330281690140843,18.488372093023255,25.627906976744185,11.912076923076922,13.979591836734693,29.974358974358974,40.976190476190474,25.25,14.01639344262295,50.54794520547945,15.2,23.4390243902439,105.85365853658537,0.5607692307692308,0.5512162162162161,0.37059459459459454,0.27005405405405414,10.423486486486485,39.951351351351356,64.75405405405405,53.85675675675675,43.4081081081081,8.437837837837838,9.654054054054056,44.15135135135135,104.03783783783784,108.57027027027029,104.24166666666667,,105.60810810810811,101.74324324324324,13.5,8.5
23,242.36486486486487,39.54054054054054,89.26229508196721,0.458672131147541,14.432432432432432,24.271428571428572,0.516942857142857,19.404761904761905,25.69047619047619,18.688779661016948,15.775862068965518,30.256410256410255,41.02439024390244,23.666666666666668,14.950819672131148,51.80281690140845,15.725,22.575,103.65853658536585,0.5656153846153845,0.5423513513513515,0.3669189189189189,0.28070270270270276,10.828864864864864,41.70540540540541,64.65945945945947,54.44864864864864,42.067567567567565,8.55405405405405,10.705405405405404,44.240540540540536,103.92432432432433,108.22972972972973,104.3,,104.4054054054054,99.62162162162163,14.175675675675675,8.824324324324325
24,241.01351351351352,40.0945945945946,90.55,0.4528500000000001,12.567567567567568,21.718309859154928,0.5350985915492957,18.681818181818183,24.886363636363637,17.92901724137931,16.267857142857142,27.095238095238095,37.81818181818182,23.886363636363637,14.968253968253968,50.67605633802817,13.974358974358974,22.1,103.17073170731707,0.5379230769230768,0.5307297297297296,0.35599999999999987,0.26027027027027033,11.707432432432432,39.910810810810815,63.85945945945948,53.07837837837838,42.81621621621622,8.272972972972973,9.381081081081081,43.527027027027025,104.01891891891891,109.65675675675676,106.46666666666665,,103.21621621621621,100.86486486486487,14.797297297297296,9.202702702702704
25,242.02702702702703,39.513513513513516,89.08196721311475,0.45980327868852455,13.22972972972973,21.684931506849313,0.5165000000000001,18.333333333333332,24.30952380952381,19.096864406779662,16.49122807017544,31.128205128205128,42.0,22.755555555555556,14.938461538461539,50.33783783783784,15.85,21.390243902439025,99.41463414634147,0.5268461538461539,0.5222432432432433,0.3498648648648648,0.266,11.066567567567567,39.94054054054053,66.75405405405404,54.58378378378377,41.4027027027027,7.994594594594595,9.613513513513515,44.24594594594594,101.9918918918919,107.15945945945946,102.89166666666667,,102.48648648648648,99.17567567567568,15.378378378378379,9.621621621621621
26,240.33783783783784,39.554054054054056,89.95238095238095,0.45720634920634917,13.35135135135135,22.253521126760564,0.5224507042253519,17.813953488372093,24.302325581395348,17.8806,16.616666666666667,29.071428571428573,40.30232558139535,22.818181818181817,15.308823529411764,49.273972602739725,15.175,23.24390243902439,102.41463414634147,0.537,0.522,0.35272972972972977,0.2596756756756757,10.773729729729729,39.22432432432432,63.86216216216215,52.42162162162161,39.65945945945947,8.92162162162162,10.086486486486484,44.04594594594594,102.88108108108108,108.29189189189192,104.14166666666667,,102.44594594594595,102.64864864864865,15.91891891891892,10.08108108108108
27,242.02702702702703,39.5945945945946,90.59016393442623,0.4500983606557375,12.64864864864865,22.125,0.5042499999999999,21.11904761904762,27.857142857142858,17.309894736842104,15.722222222222221,28.875,41.833333333333336,23.133333333333333,14.546875,48.43835616438356,15.3,22.26829268292683,105.36585365853658,0.5427692307692308,0.5236216216216216,0.3518378378378378,0.2751621621621622,12.379756756756757,41.06756756756757,66.55135135135136,54.148648648648646,41.02702702702702,8.13783783783784,9.294594594594596,43.445945945945944,103.57297297297298,108.6162162162162,106.92916666666667,,103.63513513513513,101.79729729729729,16.486486486486488,10.513513513513514
28,242.36486486486487,39.37837837837838,90.20338983050847,0.4472203389830507,13.378378378378379,23.8,0.49608695652173906,20.704545454545453,28.204545454545453,18.21536206896552,15.912280701754385,29.476190476190474,39.906976744186046,22.046511627906977,15.138461538461538,51.111111111111114,15.825,23.4,102.53658536585365,0.5313076923076923,0.5182972972972972,0.3527297297297298,0.2902162162162162,11.256324324324327,40.297297297297305,65.71621621621621,52.140540540540556,40.28918918918918,7.940540540540541,10.26486486486486,44.34324324324324,102.00000000000001,106.18918918918916,106.79583333333333,,103.89189189189189,102.75675675675676,17.06756756756757,10.932432432432432
29,241.01351351351352,39.24324324324324,90.26666666666667,0.45401666666666657,13.932432432432432,23.514285714285716,0.5379428571428573,19.377777777777776,25.844444444444445,17.495315789473683,16.303571428571427,28.166666666666668,40.02272727272727,23.2,15.079365079365079,50.013888888888886,14.447368421052632,23.097560975609756,103.60975609756098,0.5680000000000001,0.5174324324324324,0.3364864864864865,0.26978378378378387,10.673513513513512,40.32972972972973,66.71621621621622,54.61891891891891,39.53243243243244,8.559459459459461,9.762162162162165,43.26216216216216,104.14864864864865,103.54324324324323,104.01666666666665,,103.27027027027027,101.89189189189189,17.635135135135137,11.364864864864865
30,240.67567567567568,39.567567567567565,86.87719298245614,0.4669649122807019,13.864864864864865,23.175675675675677,0.5003783783783783,19.6046511627907,25.651162790697676,15.904163636363638,13.61111111111111,29.071428571428573,38.906976744186046,24.42222222222222,14.84375,49.2972972972973,15.585365853658537,22.829268292682926,103.97560975609755,0.5736923076923077,0.538891891891892,0.34789189189189185,0.27240540540540537,10.853,39.043243243243246,64.87567567567568,54.364864864864856,40.23513513513513,9.035135135135139,8.97027027027027,44.55675675675676,105.22432432432431,104.79729729729732,108.94166666666668,,104.10810810810811,101.8108108108108,18.18918918918919,11.81081081081081
31,241.01351351351352,39.351351351351354,90.04918032786885,0.45081967213114765,12.432432432432432,21.507042253521128,0.5151176470588238,18.046511627906977,24.348837209302324,17.9121724137931,16.224137931034484,30.05128205128205,41.54761904761905,23.27906976744186,15.63076923076923,50.23943661971831,15.31578947368421,23.0,100.07317073170732,0.553,0.5125675675675676,0.33175675675675687,0.27237837837837847,12.762540540540538,40.29999999999999,64.29729729729729,52.17297297297298,40.464864864864865,8.816216216216215,9.391891891891895,44.25675675675676,104.14054054054056,102.87837837837837,104.57916666666667,,101.25675675675676,99.25675675675676,18.77027027027027,12.22972972972973
32,241.35135135135135,39.189189189189186,90.15,0.44998333333333346,13.364864864864865,21.819444444444443,0.5346956521739129,18.444444444444443,25.31111111111111,17.78908474576271,15.649122807017545,28.441860465116278,39.044444444444444,23.456521739130434,16.0,49.26027397260274,14.878048780487806,23.073170731707318,101.8048780487805,0.5354615384615385,0.524918918918919,0.35602702702702704,0.25737837837837835,10.496270270270271,41.05135135135136,65.62432432432433,53.06216216216217,42.61081081081082,8.537837837837838,9.945945945945942,43.975675675675674,102.7972972972973,107.37027027027028,104.82083333333331,,102.14864864864865,101.36486486486487,19.324324324324323,12.675675675675675
33,240.67567567567568,39.66216216216216,91.359375,0.4520624999999999,12.756756756756756,22.042857142857144,0.5176764705882353,19.0,25.77777777777778,20.310442622950816,17.1,27.558139534883722,38.4,22.95744680851064,14.805970149253731,49.273972602739725,14.7,23.29268292682927,102.53658536585365,0.5422307692307691,0.517081081081081,0.33886486486486483,0.2844594594594595,11.478405405405404,40.508108108108104,63.80540540540541,51.71351351351352,41.32162162162162,8.135135135135137,8.789189189189191,44.11891891891892,103.99189189189192,105.32972972972972,107.02916666666668,,102.86486486486487,101.55405405405405,19.89189189189189,13.108108108108109
34,241.01351351351352,38.391891891891895,86.75409836065573,0.45552459016393443,14.77027027027027,24.041666666666668,0.5433239436619718,18.4,25.044444444444444,16.80927118644068,14.527272727272727,27.952380952380953,39.45454545454545,23.644444444444446,15.166666666666666,48.50684931506849,14.75,22.075,102.26829268292683,0.5475384615384615,0.522972972972973,0.35527027027027014,0.269027027027027,9.778702702702702,42.79729729729729,63.57837837837835,52.75675675675676,42.57297297297298,8.491891891891894,9.36216216216216,43.84594594594594,103.39999999999999,105.8945945945946,107.65833333333332,,101.83783783783784,99.94594594594595,20.43243243243243,13.567567567567568
35,241.01351351351352,39.486486486486484,89.25396825396825,0.449063492063492,13.04054054054054,23.070422535211268,0.5126478873239436,18.931818181818183,24.977272727272727,19.844983606557374,16.57377049180328,28.024390243902438,38.40909090909091,23.0,15.447761194029852,50.25,15.475,21.463414634146343,101.29268292682927,0.5506153846153846,0.516027027027027,0.3411081081081081,0.28916216216216223,11.112027027027027,40.47837837837838,64.47297297297295,51.024324324324326,42.77027027027027,8.181081081081082,9.21891891891892,44.28108108108108,103.76756756756758,105.3162162162162,106.63333333333337,,102.6891891891892,101.13513513513513,20.986486486486488,14.013513513513514
36,242.02702702702703,40.2972972972973,91.11864406779661,0.45659322033898303,12.662162162162161,22.13888888888889,0.48270833333333335,17.41860465116279,23.069767441860463,16.611931034482758,16.418181818181818,29.70731707317073,40.72093023255814,24.738095238095237,14.234375,49.111111111111114,14.692307692307692,23.0,104.90243902439025,0.5671538461538461,0.5216216216216217,0.33564864864864863,0.2672702702702703,12.309945945945946,40.70540540540541,66.52432432432431,53.75675675675676,40.45675675675675,7.864864864864865,9.878378378378379,43.7054054054054,104.93243243243242,106.63783783783788,103.7375,,103.16216216216216,101.86486486486487,21.45945945945946,14.54054054054054
37,241.01351351351352,39.729729729729726,89.66129032258064,0.46408064516129,13.35135135135135,21.78082191780822,0.5515205479452054,18.88095238095238,24.452380952380953,18.798000000000002,16.56140350877193,28.375,39.604651162790695,25.022727272727273,14.890625,49.513888888888886,14.64102564102564,22.609756097560975,104.53658536585365,0.569076923076923,0.5421891891891892,0.3569459459459459,0.2652432432432433,11.27427027027027,42.297297297297305,66.27567567567569,55.00270270270271,43.035135135135135,8.91081081081081,9.48108108108108,43.78918918918919,104.7,109.94054054054052,107.0625,,103.35135135135135,101.71621621621621,22.027027027027028,14.972972972972974
38,241.6891891891892,40.608108108108105,91.0,0.45759677419354833,14.175675675675675,22.95774647887324,0.5648450704225352,18.095238095238095,24.547619047619047,19.94593220338983,17.344827586206897,29.35,41.54761904761905,23.837209302325583,14.0,52.486111111111114,14.15,22.682926829268293,102.8048780487805,0.5516923076923077,0.5231351351351349,0.34732432432432436,0.26859459459459456,13.073,40.85675675675676,64.68378378378378,52.54864864864865,42.56486486486487,8.210810810810813,9.654054054054056,42.91621621621622,104.52972972972974,108.14864864864867,106.27499999999999,,105.51351351351352,100.58108108108108,22.66216216216216,15.337837837837839
39,242.36486486486487,39.25675675675676,90.10169491525424,0.4549152542372882,13.891891891891891,23.09722222222222,0.49885915492957744,16.91304347826087,23.891304347826086,17.277929824561404,15.789473684210526,28.113636363636363,38.46666666666667,23.31111111111111,14.515625,48.64383561643836,14.65,21.525,102.34146341463415,0.5391538461538461,0.526972972972973,0.35124324324324324,0.25359459459459455,11.382162162162162,41.22702702702703,66.38648648648648,51.96756756756757,41.167567567567566,7.929729729729729,9.867567567567567,43.37837837837838,102.79189189189188,106.30540540540541,105.79999999999997,,101.91891891891892,99.9054054054054,23.22972972972973,15.77027027027027
40,241.35135135135135,40.67567567567568,90.95238095238095,0.45768253968253964,13.85135135135135,23.136986301369863,0.5141388888888889,18.069767441860463,24.813953488372093,18.322728813559323,15.639344262295081,30.204545454545453,41.76744186046512,25.25,15.253968253968255,49.7972972972973,15.0,23.170731707317074,105.26829268292683,0.5566923076923077,0.5305945945945947,0.3555675675675676,0.2748108108108107,11.221675675675675,42.43783783783783,66.76756756756758,54.23513513513513,43.11351351351351,8.90810810810811,10.097297297297299,43.87027027027027,104.02162162162162,107.21621621621621,106.74166666666666,,105.3108108108108,103.29729729729729,23.81081081081081,16.18918918918919
41,241.01351351351352,39.24324324324324,90.24615384615385,0.44401538461538476,13.945945945945946,22.83783783783784,0.5277397260273972,19.627906976744185,26.0,19.0455,17.129032258064516,28.74418604651163,40.651162790697676,22.727272727272727,15.061538461538461,50.87837837837838,14.512195121951219,21.878048780487806,100.34146341463415,0.5416923076923076,0.5161891891891892,0.3351891891891891,0.28324324324324335,11.928891891891892,39.58108108108109,64.78648648648648,53.38378378378379,43.581081081081074,8.281081081081082,9.86216216216216,43.91891891891892,103.75945945945946,106.25675675675677,105.77499999999999,,103.35135135135135,101.06756756756756,24.37837837837838,16.62162162162162
42,242.02702702702703,40.027027027027025,89.98484848484848,0.45343939393939403,12.783783783783784,22.34246575342466,0.5010563380281692,20.27906976744186,26.88372093023256,21.349032258064515,16.333333333333332,28.951219512195124,40.58139534883721,24.133333333333333,15.712121212121213,49.95890410958904,14.325,22.634146341463413,103.51219512195122,0.5436923076923077,0.5245405405405404,0.3474594594594595,0.2902972972972973,11.03237837837838,40.024324324324326,64.78378378378379,52.51891891891891,44.7972972972973,8.537837837837838,8.572972972972973,43.87567567567568,103.85675675675675,106.27567567567564,106.17083333333333,,104.10810810810811,99.87837837837837,24.945945945945947,17.054054054054053
43,241.35135135135135,40.25675675675676,90.01639344262296,0.4563934426229507,13.108108108108109,21.430555555555557,0.5329285714285714,19.047619047619047,24.857142857142858,18.03196551724138,15.689655172413794,29.80952380952381,41.0,23.772727272727273,14.081967213114755,50.75342465753425,14.634146341463415,21.829268292682926,103.63414634146342,0.5478461538461539,0.5185135135135134,0.3394324324324325,0.27194594594594595,10.696324324324324,41.105405405405406,65.3162162162162,53.821621621621624,40.91081081081081,9.551351351351354,9.91081081081081,43.575675675675676,103.90540540540539,102.88378378378378,104.55833333333334,,104.25675675675676,100.0,25.554054054054053,17.445945945945947
44,241.01351351351352,39.71621621621622,89.04918032786885,0.4581967213114754,13.702702702702704,22.583333333333332,0.530394366197183,18.930232558139537,25.11627906976744,17.340637931034482,15.525423728813559,29.536585365853657,39.93023255813954,24.044444444444444,15.412698412698413,50.19178082191781,15.275,23.121951219512194,102.65853658536585,0.5480769230769231,0.5302432432432432,0.3587297297297296,0.28543243243243244,10.51445945945946,39.986486486486484,65.95405405405404,53.80810810810811,41.9108108108108,8.878378378378379,10.010810810810813,44.18648648648649,103.11081081081079,104.88108108108108,102.88333333333333,,103.64864864864865,98.66216216216216,26.243243243243242,17.756756756756758
45,242.02702702702703,40.04054054054054,89.35483870967742,0.459983870967742,13.513513513513514,23.027027027027028,0.5078630136986301,19.904761904761905,25.714285714285715,17.50296551724138,15.475409836065573,30.285714285714285,41.642857142857146,23.88372093023256,14.296875,49.554054054054056,15.317073170731707,22.975609756097562,104.3170731707317,0.5459999999999999,0.5264864864864863,0.3462432432432433,0.27935135135135136,10.216756756756757,41.56216216216216,65.11891891891891,52.84054054054053,41.16486486486487,8.343243243243242,8.537837837837838,44.556756756756755,103.69189189189191,106.69459459459459,104.36666666666666,,104.74324324324324,102.08108108108108,26.7972972972973,18.2027027027027
46,242.02702702702703,39.7027027027027,91.33333333333333,0.4462878787878788,12.905405405405405,22.666666666666668,0.5159565217391308,17.906976744186046,24.3953488372093,21.039426229508198,15.887096774193548,30.24390243902439,40.5,24.227272727272727,14.85483870967742,50.83098591549296,15.475,21.825,101.26829268292683,0.5551538461538461,0.5263243243243244,0.35556756756756747,0.2948378378378378,11.803621621621625,39.47297297297298,67.81351351351351,55.36756756756756,43.27837837837838,8.72972972972973,9.81891891891892,44.486486486486484,103.45405405405407,103.97297297297295,102.31666666666668,,102.3108108108108,100.36486486486487,27.35135135135135,18.64864864864865
47,241.01351351351352,40.62162162162162,90.73684210526316,0.4578771929824561,13.85135135135135,23.154929577464788,0.5238591549295776,19.11904761904762,24.714285714285715,16.969089285714286,15.592592592592593,29.675,41.80487804878049,24.595238095238095,14.918032786885245,50.397260273972606,15.4,21.6,106.4390243902439,0.5348461538461539,0.5398108108108108,0.37254054054054053,0.27294594594594596,11.388486486486485,41.28108108108108,64.93513513513513,51.643243243243234,44.954054054054055,8.470270270270271,9.913513513513514,44.07027027027027,102.88648648648648,109.66486486486485,108.8416666666667,,105.79729729729729,104.13513513513513,27.89189189189189,19.10810810810811
48,240.33783783783784,38.554054054054056,88.8360655737705,0.4422295081967213,13.675675675675675,23.295774647887324,0.5002428571428572,21.09090909090909,27.818181818181817,16.698810344827585,16.526315789473685,28.80952380952381,40.7906976744186,21.318181818181817,15.984615384615385,49.72222222222222,14.307692307692308,22.25,102.41463414634147,0.5335384615384616,0.5108918918918919,0.3354594594594595,0.27894594594594596,10.893621621621623,41.85675675675676,65.45675675675676,51.28108108108107,41.410810810810815,8.440540540540539,8.435135135135136,43.38648648648649,102.81891891891892,105.6,105.77083333333331,,102.8108108108108,100.62162162162163,28.5,19.5
49,241.7123287671233,40.602739726027394,91.2,0.45170000000000005,13.36986301369863,23.942028985507246,0.5220869565217391,18.976744186046513,25.302325581395348,18.54006779661017,16.333333333333332,28.317073170731707,39.48837209302326,23.40909090909091,15.253968253968255,50.41428571428571,13.0,22.975,105.70731707317073,0.54,0.5242162162162163,0.34900000000000003,0.2672972972972973,11.161972972972972,39.45135135135135,66.37297297297297,52.32432432432433,40.667567567567566,8.399999999999999,8.627027027027028,42.21891891891892,103.70810810810809,111.17567567567568,109.3,,105.38356164383562,104.12328767123287,29.08219178082192,19.91780821917808
50,242.05479452054794,40.58904109589041,89.4375,0.46696875,13.219178082191782,21.541666666666668,0.5197323943661972,18.837209302325583,25.023255813953487,20.35681967213115,16.032258064516128,29.951219512195124,40.25581395348837,24.434782608695652,14.93939393939394,49.205479452054796,15.634146341463415,22.951219512195124,104.78048780487805,0.549923076923077,0.5437297297297298,0.3629189189189189,0.2597567567567568,10.76872972972973,40.73513513513514,64.3216216216216,53.54054054054053,41.53783783783785,8.28918918918919,9.81891891891892,44.34864864864865,103.10270270270271,108.51621621621621,103.55,,105.15068493150685,101.84931506849315,29.726027397260275,20.273972602739725
51,241.73611111111111,39.611111111111114,92.73015873015873,0.44122222222222224,13.430555555555555,23.225352112676056,0.5239857142857142,19.431818181818183,26.34090909090909,20.638416666666668,16.83606557377049,28.477272727272727,38.71111111111111,23.022222222222222,15.045454545454545,49.66197183098591,14.5,22.725,102.85,0.5093846153846154,0.51175,0.35174999999999995,0.3027222222222223,10.88572222222222,41.225,64.76666666666668,51.99722222222221,42.527777777777786,8.161111111111111,10.275000000000002,43.86388888888889,100.67777777777776,109.98333333333335,104.58260869565214,,103.70833333333333,102.58333333333333,30.38888888888889,20.61111111111111
52,240.69444444444446,39.81944444444444,89.9,0.45679999999999993,12.902777777777779,21.742857142857144,0.4992285714285714,20.0,27.558139534883722,19.86815,16.603448275862068,30.30952380952381,40.38636363636363,22.84090909090909,14.380952380952381,49.66197183098591,13.925,23.575,103.0,0.5536923076923077,0.5252777777777777,0.3369722222222223,0.27794444444444444,12.308416666666668,39.85,67.2027777777778,52.96388888888888,40.827777777777776,8.424999999999999,8.28611111111111,44.266666666666666,104.6861111111111,105.46666666666668,101.78695652173913,,103.86111111111111,99.91666666666667,30.97222222222222,21.02777777777778
53,240.69444444444446,40.486111111111114,89.84126984126983,0.45925396825396836,13.166666666666666,21.788732394366196,0.5091408450704225,19.142857142857142,25.19047619047619,21.400629032258063,15.8,29.804878048780488,40.142857142857146,23.88095238095238,14.734375,49.625,15.333333333333334,22.925,104.15,0.5560769230769231,0.5345555555555556,0.3464722222222221,0.2737777777777778,11.368055555555555,38.61944444444444,65.47222222222223,52.85277777777778,40.2,8.147222222222222,9.41388888888889,44.94444444444444,104.03888888888888,107.27777777777777,107.68695652173912,,104.80555555555556,102.55555555555556,31.541666666666668,21.458333333333332
54,241.38888888888889,40.52777777777778,90.57377049180327,0.4552295081967214,13.26388888888889,23.130434782608695,0.5229275362318841,19.595238095238095,27.0,18.89263157894737,16.017543859649123,28.6,38.883720930232556,23.956521739130434,14.23728813559322,50.869565217391305,14.717948717948717,23.153846153846153,105.85,0.556,0.5365,0.35947222222222225,0.26991666666666664,11.643888888888888,41.166666666666664,64.35833333333333,53.525,41.02777777777779,7.427777777777779,9.502777777777782,44.36944444444444,104.09722222222221,109.59166666666665,109.53478260869564,,105.30555555555556,103.76388888888889,32.138888888888886,21.86111111111111
55,242.08333333333334,40.68055555555556,91.30645161290323,0.45725806451612916,13.63888888888889,22.788732394366196,0.5271830985915494,20.4390243902439,26.73170731707317,19.842525423728816,15.964912280701755,30.975,41.595238095238095,24.41860465116279,14.707692307692307,50.02777777777778,15.125,22.95,105.875,0.5560769230769231,0.5406944444444446,0.3558055555555556,0.2736666666666668,11.353250000000001,40.25833333333334,67.18055555555556,54.67777777777778,42.04722222222221,7.108333333333334,10.141666666666667,44.35555555555556,103.11666666666667,106.85000000000002,108.50434782608696,,106.31944444444444,104.15277777777777,32.666666666666664,22.333333333333332
56,242.08333333333334,40.333333333333336,89.27868852459017,0.46009836065573767,13.25,22.633802816901408,0.5198714285714285,20.523809523809526,27.285714285714285,15.659464285714288,15.517241379310345,29.6,39.57142857142857,22.930232558139537,15.25,50.61971830985915,15.625,23.5,104.8,0.5826923076923077,0.5286944444444445,0.33430555555555563,0.2755277777777778,11.764305555555556,40.49444444444445,67.18888888888888,51.955555555555556,40.855555555555554,9.130555555555555,8.883333333333333,44.76111111111111,105.54166666666669,104.05555555555554,104.7695652173913,,105.52777777777777,104.41666666666667,33.236111111111114,22.76388888888889
57,241.38888888888889,40.611111111111114,90.203125,0.4661875,14.444444444444445,24.397058823529413,0.5359402985074627,18.727272727272727,25.75,20.009616666666666,17.083333333333332,28.357142857142858,39.13636363636363,24.488888888888887,15.2,50.49295774647887,15.225,22.525,106.325,0.573,0.5409722222222221,0.3549444444444444,0.27338888888888885,12.016527777777776,42.97222222222222,65.93611111111112,55.25277777777778,40.272222222222226,7.236111111111111,9.722222222222223,44.45,105.01944444444443,109.9861111111111,106.74347826086957,,106.44444444444444,103.72222222222223,33.84722222222222,23.15277777777778
58,242.43055555555554,39.75,90.7,0.45493333333333325,13.38888888888889,22.571428571428573,0.5133478260869567,18.3953488372093,24.790697674418606,18.825413793103447,14.90566037735849,28.73170731707317,39.25581395348837,23.511111111111113,14.19672131147541,49.38028169014085,13.4,21.5,102.425,0.5452307692307692,0.5219444444444444,0.34288888888888885,0.2750277777777778,10.523222222222223,41.7888888888889,65.68333333333334,52.349999999999994,43.25833333333334,7.686111111111113,8.652777777777779,43.84444444444445,103.34166666666664,108.15833333333336,108.17391304347827,,103.29166666666667,103.48611111111111,34.416666666666664,23.583333333333332
59,241.38888888888889,39.958333333333336,89.80952380952381,0.45296825396825396,13.402777777777779,23.014285714285716,0.5046142857142856,20.833333333333332,28.0,19.385847457627115,16.35593220338983,30.55,41.976190476190474,23.90909090909091,14.951612903225806,51.17142857142857,14.333333333333334,22.475,104.65,0.5691538461538461,0.5306666666666665,0.34233333333333327,0.28725,11.801388888888889,43.21666666666667,66.7111111111111,55.64444444444444,41.911111111111126,9.172222222222224,9.616666666666667,44.06111111111111,104.82222222222222,106.75277777777778,105.4695652173913,,105.06944444444444,101.58333333333333,35.041666666666664,23.958333333333332
60,241.73611111111111,40.5,89.81967213114754,0.46037704918032785,13.708333333333334,22.535211267605632,0.5251690140845071,20.857142857142858,26.61904761904762,20.093283333333332,16.610169491525422,29.025,40.523809523809526,23.90909090909091,15.253968253968255,50.50704225352113,14.384615384615385,21.625,106.975,0.5573076923076924,0.5366666666666666,0.35369444444444453,0.2751944444444444,12.268527777777777,43.00555555555556,64.81388888888888,53.84166666666667,42.76944444444445,8.155555555555555,9.825000000000003,44.50555555555556,105.28055555555558,110.26111111111112,108.28260869565217,,106.41666666666667,103.08333333333333,35.708333333333336,24.291666666666668
61,242.5,40.91428571428571,89.859375,0.4619375,13.257142857142858,22.3768115942029,0.5165507246376813,19.904761904761905,26.0,18.832186440677965,16.306451612903224,30.525,41.63414634146341,24.25,14.555555555555555,49.94202898550725,14.487179487179487,21.45,105.575,0.5661538461538462,0.5437500000000002,0.36669444444444443,0.2784722222222223,11.329027777777776,40.18611111111112,64.94722222222224,55.161111111111126,40.97777777777779,8.616666666666667,9.330555555555556,44.75277777777777,104.83055555555555,108.6333333333333,105.11739130434783,,106.52857142857142,102.64285714285714,36.74285714285714,24.257142857142856
62,241.78571428571428,39.6,90.20689655172414,0.4533965517241379,12.228571428571428,21.597014925373134,0.5315230769230769,20.714285714285715,27.238095238095237,17.829724137931034,16.64814814814815,30.487179487179485,42.04761904761905,22.790697674418606,14.278688524590164,48.39705882352941,15.075,22.05,103.4,0.5445384615384616,0.524,0.33847222222222223,0.29883333333333334,11.915749999999997,41.650000000000006,67.04444444444444,53.397222222222226,41.98333333333334,8.08611111111111,9.747222222222222,44.36388888888889,103.6138888888889,106.96666666666665,102.89999999999999,,103.35714285714286,101.25714285714285,37.34285714285714,24.65714285714286
63,241.42857142857142,41.042857142857144,91.88524590163935,0.46031147540983597,12.67142857142857,21.91304347826087,0.5161159420289855,17.75609756097561,24.121951219512194,19.21125,15.894736842105264,28.365853658536587,39.57142857142857,23.866666666666667,15.28125,48.43478260869565,14.825,23.2,104.375,0.5453846153846155,0.527888888888889,0.351,0.25699999999999995,11.330166666666667,40.19722222222222,64.15,50.75833333333334,41.611111111111114,8.486111111111114,8.9,44.15277777777778,103.39722222222223,108.66666666666667,106.84782608695654,,104.91428571428571,105.68571428571428,37.84285714285714,25.15714285714286
64,241.42857142857142,40.785714285714285,89.1896551724138,0.4613620689655171,13.342857142857143,21.88235294117647,0.5481323529411765,19.790697674418606,26.627906976744185,17.996413793103446,15.2,28.878048780487806,39.06976744186046,23.27659574468085,15.0625,50.294117647058826,14.487179487179487,22.275,104.625,0.569923076923077,0.5338333333333334,0.3470000000000002,0.27491666666666664,11.668972222222223,40.87222222222222,66.64444444444445,54.12500000000001,39.25555555555556,7.88611111111111,9.011111111111111,44.150000000000006,104.85000000000001,108.06666666666666,105.50000000000004,,106.54285714285714,103.82857142857142,38.44285714285714,25.557142857142857
65,242.53623188405797,41.594202898550726,91.75409836065573,0.45965573770491797,12.681159420289855,22.059701492537314,0.5269242424242424,18.048780487804876,23.21951219512195,18.202280701754386,16.107142857142858,28.71794871794872,40.48780487804878,24.0,14.573770491803279,50.38805970149254,14.486486486486486,22.487179487179485,105.23076923076923,0.5716923076923076,0.5339428571428572,0.3415142857142857,0.2625714285714287,12.585114285714287,41.42571428571428,64.53142857142856,54.05142857142858,40.311428571428564,8.734285714285713,9.277142857142858,44.91428571428571,105.16285714285712,109.68000000000002,104.24545454545456,,106.02898550724638,104.76811594202898,38.95652173913044,26.043478260869566
66,241.81159420289856,41.47826086956522,91.7,0.46299999999999997,13.391304347826088,22.575757575757574,0.5247424242424243,20.372093023255815,27.023255813953487,19.03222807017544,16.821428571428573,28.642857142857142,38.20454545454545,23.068181818181817,15.142857142857142,51.48529411764706,13.794871794871796,22.71794871794872,105.97435897435898,0.5676153846153846,0.5336285714285717,0.3419142857142856,0.2858285714285715,10.975000000000001,41.15428571428572,64.64857142857143,53.665714285714294,40.01428571428571,7.991428571428573,8.611428571428569,45.440000000000005,105.58571428571429,108.68285714285713,104.30454545454545,,108.2463768115942,103.3913043478261,39.63768115942029,26.36231884057971
67,242.23880597014926,40.985074626865675,88.05084745762711,0.4667627118644069,13.477611940298507,22.65671641791045,0.49669696969696975,18.333333333333332,24.785714285714285,18.813087719298245,16.09090909090909,28.8,40.19512195121951,23.295454545454547,14.59322033898305,50.507462686567166,14.789473684210526,21.18421052631579,102.78947368421052,0.5583076923076924,0.5292058823529411,0.33488235294117646,0.26044117647058823,12.527470588235294,42.20294117647058,65.9176470588235,54.808823529411754,40.04411764705883,7.811764705882352,8.597058823529412,47.5264705882353,105.99411764705884,104.95294117647057,104.70952380952379,,106.16417910447761,103.50746268656717,40.223880597014926,26.776119402985074
68,242.61194029850745,41.223880597014926,91.03333333333333,0.4571166666666667,13.149253731343284,21.80597014925373,0.513776119402985,19.047619047619047,26.023809523809526,18.30076785714286,17.46551724137931,27.595238095238095,38.41860465116279,23.40909090909091,14.311475409836065,50.44776119402985,14.105263157894736,21.81578947368421,104.05263157894737,0.5424615384615384,0.5188529411764705,0.3318529411764707,0.26241176470588234,11.971323529411764,43.141176470588235,63.544117647058826,52.16470588235293,39.94705882352942,8.329411764705883,9.161764705882351,46.19411764705882,103.79117647058823,106.01176470588237,111.58095238095237,,106.65671641791045,104.35820895522389,40.82089552238806,27.17910447761194
69,242.65151515151516,41.39393939393939,91.0,0.46164516129032257,13.348484848484848,22.16923076923077,0.5218888888888888,20.975,27.35,22.12458333333333,17.0,30.94871794871795,42.25,23.48780487804878,14.466666666666667,50.4,13.710526315789474,21.68421052631579,106.39473684210526,0.562076923076923,0.5339705882352941,0.3406176470588235,0.28270588235294114,12.586852941176469,41.98235294117647,66.61176470588236,54.27647058823529,39.62647058823529,7.355882352941177,8.28823529411765,46.129411764705885,105.4176470588235,107.89705882352943,109.17142857142856,,108.25757575757575,106.3030303030303,41.68181818181818,27.318181818181817
70,241.92307692307693,40.84615384615385,89.43636363636364,0.45509090909090905,11.892307692307693,21.428571428571427,0.5086031746031747,19.785714285714285,26.976190476190474,18.23872727272727,16.076923076923077,27.775,39.4390243902439,23.162790697674417,14.442622950819672,48.1875,14.432432432432432,21.81578947368421,103.28947368421052,0.5577692307692308,0.5146470588235295,0.3202058823529412,0.2785000000000001,13.331588235294118,39.90588235294117,64.5794117647059,52.01470588235292,41.061764705882354,7.338235294117647,8.329411764705881,46.60294117647059,106.11470588235294,105.03235294117648,106.69999999999999,,105.43076923076923,104.13846153846154,42.276923076923076,27.723076923076924
71,241.92307692307693,42.13846153846154,91.37931034482759,0.4611896551724137,11.76923076923077,20.453125,0.5039523809523809,18.976190476190474,26.452380952380953,20.810741379310347,17.196428571428573,25.951219512195124,36.7906976744186,23.186046511627907,14.721311475409836,50.323076923076925,14.052631578947368,22.394736842105264,102.78947368421052,0.5471538461538462,0.5182058823529412,0.3188235294117647,0.26252941176470584,10.923823529411763,41.73823529411764,64.23823529411763,54.150000000000006,40.58235294117645,7.852941176470587,9.45,46.108823529411765,104.35,106.91470588235293,106.09047619047617,,107.4,104.61538461538461,42.87692307692308,28.123076923076923
72,241.5625,42.96875,91.93442622950819,0.4682459016393442,11.28125,19.61904761904762,0.5001129032258065,18.525,24.725,20.270824561403508,16.966101694915253,30.05263157894737,41.0,23.547619047619047,13.576271186440678,49.58730158730159,14.108108108108109,22.289473684210527,105.47368421052632,0.5596153846153846,0.5458235294117646,0.3517941176470587,0.2322941176470589,12.148676470588235,40.67352941176471,64.26176470588236,54.18235294117647,39.19999999999999,7.902941176470588,8.888235294117647,45.9,104.72647058823529,108.85882352941174,106.54761904761905,,108.40625,104.734375,43.421875,28.578125
73,240.43103448275863,39.793103448275865,89.69642857142857,0.44787500000000013,11.413793103448276,21.36842105263158,0.45467857142857143,19.902439024390244,26.682926829268293,17.91761111111111,15.557692307692308,29.236842105263158,41.45,23.11904761904762,13.636363636363637,41.228070175438596,14.972972972972974,22.473684210526315,102.05263157894737,0.5632307692307693,0.5206470588235294,0.3317647058823531,0.3005588235294117,12.476911764705882,42.08235294117646,65.68529411764706,54.858823529411765,40.67352941176469,7.711764705882352,9.526470588235295,46.83235294117647,104.91764705882353,105.76764705882354,104.18571428571428,,104.39655172413794,104.94827586206897,43.91379310344828,29.086206896551722
74,241.29310344827587,42.62068965517241,89.36363636363636,0.47774545454545453,10.879310344827585,20.214285714285715,0.4756727272727273,18.325,24.575,18.654796296296293,15.73076923076923,28.789473684210527,39.375,24.78048780487805,13.30188679245283,43.642857142857146,14.567567567567568,22.13157894736842,105.05263157894737,0.5529999999999999,0.5420588235294117,0.3534117647058823,0.2598823529411765,11.485382352941178,41.57941176470588,64.05588235294117,53.076470588235296,41.30882352941177,7.838235294117647,8.776470588235293,46.53235294117647,104.0029411764706,107.81176470588235,108.81428571428569,,108.34482758620689,104.86206896551724,44.51724137931034,29.482758620689655
75,240.86206896551724,41.689655172413794,86.81132075471699,0.4747924528301887,11.275862068965518,20.035087719298247,0.48182456140350877,19.925,26.775,16.65909433962264,15.08,28.17948717948718,37.80487804878049,23.72093023255814,13.38888888888889,43.49122807017544,14.526315789473685,22.105263157894736,103.78947368421052,0.5713846153846153,0.537264705882353,0.3418529411764705,0.2982058823529411,12.072117647058823,40.732352941176465,64.33235294117648,52.726470588235294,41.76176470588235,8.752941176470591,9.41764705882353,46.33235294117647,105.31470588235295,108.6058823529412,106.08095238095237,,107.84482758620689,104.3103448275862,45.13793103448276,29.862068965517242
76,241.31578947368422,42.10526315789474,89.01818181818182,0.4750363636363637,10.68421052631579,19.98181818181818,0.4813396226415094,19.69047619047619,27.80952380952381,18.523462962962963,15.5,28.65,38.833333333333336,23.15909090909091,12.703703703703704,42.32727272727273,16.210526315789473,22.13157894736842,105.10526315789474,0.5492307692307692,0.5384117647058825,0.34885294117647064,0.29050000000000004,12.06035294117647,43.029411764705884,66.9,54.102941176470594,39.92058823529411,7.564705882352941,9.070588235294117,47.09411764705882,103.26176470588237,107.19999999999997,107.13333333333334,,108.29824561403508,105.56140350877193,45.526315789473685,30.473684210526315
77,242.6315789473684,42.98245614035088,89.40384615384616,0.4793653846153845,10.68421052631579,19.814814814814813,0.5003846153846155,18.307692307692307,23.71794871794872,14.22456862745098,14.653061224489797,29.972972972972972,40.38461538461539,24.170731707317074,12.604166666666666,43.48148148148148,15.378378378378379,22.763157894736842,106.07894736842105,0.5654615384615386,0.5474411764705881,0.3487352941176471,0.26152941176470584,12.461323529411764,43.26470588235295,64.63235294117646,51.92647058823529,39.85294117647059,8.941176470588236,9.311764705882354,47.17941176470588,105.15588235294116,108.69117647058823,107.56666666666665,,109.01754385964912,106.54385964912281,46.14035087719298,30.859649122807017
78,241.75438596491227,41.26315789473684,90.5576923076923,0.44965384615384624,11.649122807017545,21.087719298245613,0.45591228070175444,19.146341463414632,25.4390243902439,15.362359999999999,15.183673469387756,27.28205128205128,39.146341463414636,23.7,12.56,41.40350877192982,14.526315789473685,22.18421052631579,103.0,0.5539230769230769,0.5320882352941175,0.3429999999999998,0.29317647058823526,13.14385294117647,42.188235294117646,64.40588235294119,53.83529411764706,40.2264705882353,7.338235294117648,9.13823529411765,45.858823529411765,104.32941176470588,108.68529411764709,113.69523809523807,,107.26315789473684,107.56140350877193,46.68421052631579,31.31578947368421
79,240.87719298245614,42.1578947368421,88.14285714285714,0.46875510204081644,10.350877192982455,19.214285714285715,0.45236363636363636,18.46153846153846,24.82051282051282,12.120583333333334,14.625,29.81578947368421,41.35897435897436,23.725,12.145833333333334,42.44642857142857,15.526315789473685,22.526315789473685,102.39473684210526,0.5588461538461539,0.5287058823529411,0.33288235294117646,0.2775588235294117,12.051235294117646,41.45294117647059,65.11764705882354,53.46470588235294,40.267647058823535,7.626470588235295,9.661764705882355,46.670588235294126,104.04411764705884,107.70882352941175,105.61428571428571,,107.0701754385965,105.84210526315789,47.26315789473684,31.736842105263158
80,240.89285714285714,43.410714285714285,87.75510204081633,0.48177551020408155,9.964285714285714,18.145454545454545,0.48094545454545445,19.256410256410255,26.256410256410255,12.275187500000001,13.195652173913043,30.83783783783784,40.46153846153846,24.833333333333332,11.826086956521738,41.74545454545454,14.657894736842104,22.342105263157894,105.94736842105263,0.558846153846154,0.5474705882352942,0.35323529411764704,0.27170588235294124,10.506529411764705,41.51176470588236,65.26470588235296,53.82058823529411,40.63235294117646,8.291176470588237,9.664705882352942,46.34117647058823,103.88529411764706,108.29117647058823,107.06190476190474,,109.94642857142857,105.96428571428571,47.67857142857143,32.32142857142857
81,242.94117647058823,41.96078431372549,88.85416666666667,0.4695000000000001,8.705882352941176,17.897959183673468,0.4205102040816326,17.92105263157895,23.605263157894736,12.429041666666668,14.891304347826088,30.783783783783782,42.38461538461539,23.0,10.522727272727273,34.326530612244895,15.35135135135135,22.42105263157895,102.3157894736842,0.5584615384615386,0.5226764705882353,0.33285294117647063,0.27026470588235296,12.253617647058823,42.91470588235294,65.88823529411764,52.544117647058805,38.920588235294126,7.83823529411765,9.502941176470587,46.829411764705874,104.58529411764704,107.30588235294118,104.3904761904762,,105.98039215686275,106.98039215686275,47.11764705882353,33.88235294117647
82,240.0,42.42857142857143,90.46938775510205,0.4706938775510203,10.244897959183673,19.97872340425532,0.44953191489361705,18.974358974358974,25.897435897435898,14.849,16.148936170212767,30.0,41.56410256410256,24.475,11.804347826086957,33.42553191489362,14.162162162162161,21.56756756756757,106.8108108108108,0.5631538461538462,0.5354242424242426,0.3428181818181819,0.29803030303030303,11.915303030303031,44.69090909090909,65.17272727272729,55.133333333333326,40.1121212121212,7.660606060606059,8.233333333333333,47.21818181818182,105.43939393939394,109.95757575757577,107.01499999999999,,109.73469387755102,105.12244897959184,47.6530612244898,34.3469387755102
