Season,Team,Salary,W,L,W/L%,Salary cap
2018-19,Miami Heat,153171497,39,43,0.47600000000000003,101869000 
2018-19,Golden State Warriors,146291276,57,25,0.695,101869000 
2018-19,Oklahoma City Thunder,144916427,49,33,0.598,101869000 
2018-19,Toronto Raptors,137793831,58,24,0.7070000000000001,101869000 
2018-19,Milwaukee Bucks,130988604,60,22,0.732,101869000 
2018-19,Portland Trail Blazers,130256600,53,29,0.6459999999999999,101869000 
2018-19,Detroit Pistons,126557932,41,41,0.5,101869000 
2018-19,Houston Rockets,126474100,53,29,0.6459999999999999,101869000 
2018-19,Memphis Grizzlies,126107461,33,49,0.402,101869000 
2018-19,Boston Celtics,125334993,49,33,0.598,101869000 
2018-19,Washington Wizards,123747588,32,50,0.39,101869000 
2018-19,New York Knicks,123387454,17,65,0.207,101869000 
2018-19,Cleveland Cavaliers,123255073,19,63,0.23199999999999998,101869000 
2018-19,Minnesota Timberwolves,121962221,36,46,0.439,101869000 
2018-19,San Antonio Spurs,121588790,48,34,0.585,101869000 
2018-19,Charlotte Hornets,121427859,39,43,0.47600000000000003,101869000 
2018-19,Brooklyn Nets,118850600,42,40,0.512,101869000 
2018-19,Denver Nuggets,118327016,54,28,0.659,101869000 
2018-19,Los Angeles Clippers,118026816,48,34,0.585,101869000 
2018-19,New Orleans Pelicans,116052756,33,49,0.402,101869000 
2018-19,Philadelphia 76ers,115127167,51,31,0.622,101869000 
2018-19,Orlando Magic,114394213,42,40,0.512,101869000 
2018-19,Utah Jazz,113826156,50,32,0.61,101869000 
2018-19,Chicago Bulls,112598201,22,60,0.268,101869000 
2018-19,Indiana Pacers,110724804,48,34,0.585,101869000 
2018-19,Phoenix Suns,108692835,19,63,0.23199999999999998,101869000 
2018-19,Los Angeles Lakers,107225482,37,45,0.451,101869000 
2018-19,Sacramento Kings,101466920,39,43,0.47600000000000003,101869000 
2018-19,Dallas Mavericks,86958881,33,49,0.402,101869000 
2018-19,Atlanta Hawks,79180081,29,53,0.354,101869000 
2017-18,Cleveland Cavaliers,137722926,50,32,0.61,99093000 
2017-18,Golden State Warriors,137610134,58,24,0.7070000000000001,99093000 
2017-18,Oklahoma City Thunder,134534640,48,34,0.585,99093000 
2017-18,Miami Heat,133624374,44,38,0.537,99093000 
2017-18,Washington Wizards,123306396,43,39,0.524,99093000 
2017-18,New Orleans Pelicans,120814452,48,34,0.585,99093000 
2017-18,Milwaukee Bucks,120521249,44,38,0.537,99093000 
2017-18,Houston Rockets,119905532,65,17,0.7929999999999999,99093000 
2017-18,Detroit Pistons,119773191,39,43,0.47600000000000003,99093000 
2017-18,Los Angeles Clippers,119093010,42,40,0.512,99093000 
2017-18,Portland Trail Blazers,118708146,49,33,0.598,99093000 
2017-18,Charlotte Hornets,117382664,36,46,0.439,99093000 
2017-18,Toronto Raptors,116929373,59,23,0.72,99093000 
2017-18,Minnesota Timberwolves,116075131,47,35,0.573,99093000 
2017-18,Boston Celtics,115284776,55,27,0.6709999999999999,99093000 
2017-18,San Antonio Spurs,114633844,47,35,0.573,99093000 
2017-18,Memphis Grizzlies,110700149,22,60,0.268,99093000 
2017-18,Denver Nuggets,107543599,46,36,0.561,99093000 
2017-18,Utah Jazz,105606838,48,34,0.585,99093000 
2017-18,New York Knicks,105403130,29,53,0.354,99093000 
2017-18,Los Angeles Lakers,103126557,35,47,0.42700000000000005,99093000 
2017-18,Philadelphia 76ers,100797386,52,30,0.634,99093000 
2017-18,Atlanta Hawks,99992696,24,58,0.293,99093000 
2017-18,Sacramento Kings,99587185,27,55,0.32899999999999996,99093000 
2017-18,Orlando Magic,99366925,25,57,0.305,99093000 
2017-18,Brooklyn Nets,95475397,28,54,0.341,99093000 
2017-18,Indiana Pacers,95271736,48,34,0.585,99093000 
2017-18,Phoenix Suns,92684083,21,61,0.256,99093000 
2017-18,Chicago Bulls,90466801,27,55,0.32899999999999996,99093000 
2017-18,Dallas Mavericks,85440245,24,58,0.293,99093000 
2016-17,Cleveland Cavaliers,128522489,51,31,0.622,94143000 
2016-17,Portland Trail Blazers,119732234,41,41,0.5,94143000 
2016-17,Los Angeles Clippers,114756766,51,31,0.622,94143000 
2016-17,San Antonio Spurs,112017779,61,21,0.7440000000000001,94143000 
2016-17,Memphis Grizzlies,110083520,43,39,0.524,94143000 
2016-17,Toronto Raptors,108599970,51,31,0.622,94143000 
2016-17,Detroit Pistons,106492988,37,45,0.451,94143000 
2016-17,Orlando Magic,104096951,29,53,0.354,94143000 
2016-17,Washington Wizards,104016580,49,33,0.598,94143000 
2016-17,Charlotte Hornets,103054004,36,46,0.439,94143000 
2016-17,New York Knicks,102593418,31,51,0.37799999999999995,94143000 
2016-17,Dallas Mavericks,102354966,33,49,0.402,94143000 
2016-17,New Orleans Pelicans,101616451,34,48,0.415,94143000 
2016-17,Golden State Warriors,101584835,67,15,0.8170000000000001,94143000 
2016-17,Miami Heat,100740770,41,41,0.5,94143000 
2016-17,Atlanta Hawks,96315163,43,39,0.524,94143000 
2016-17,Milwaukee Bucks,96245877,42,40,0.512,94143000 
2016-17,Sacramento Kings,95596327,32,50,0.39,94143000 
2016-17,Los Angeles Lakers,94781848,26,56,0.317,94143000 
2016-17,Boston Celtics,93465326,53,29,0.6459999999999999,94143000 
2016-17,Chicago Bulls,92522306,41,41,0.5,94143000 
2016-17,Oklahoma City Thunder,91230089,47,35,0.573,94143000 
2016-17,Houston Rockets,90956067,55,27,0.6709999999999999,94143000 
2016-17,Indiana Pacers,90279072,42,40,0.512,94143000 
2016-17,Phoenix Suns,89754590,24,58,0.293,94143000 
2016-17,Philadelphia 76ers,84775343,28,54,0.341,94143000 
2016-17,Denver Nuggets,83836460,40,42,0.488,94143000 
2016-17,Minnesota Timberwolves,83527580,31,51,0.37799999999999995,94143000 
2016-17,Brooklyn Nets,82391482,20,62,0.244,94143000 
2016-17,Utah Jazz,80138192,51,31,0.622,94143000 
2015-16,Cleveland Cavaliers,108300458,57,25,0.695,70000000 
2015-16,Los Angeles Clippers,97019321,53,29,0.6459999999999999,70000000 
2015-16,Oklahoma City Thunder,95708387,55,27,0.6709999999999999,70000000 
2015-16,Golden State Warriors,93669566,73,9,0.89,70000000 
2015-16,San Antonio Spurs,87832839,67,15,0.8170000000000001,70000000 
2015-16,Houston Rockets,87504058,41,41,0.5,70000000 
2015-16,Chicago Bulls,87073838,42,40,0.512,70000000 
2015-16,Miami Heat,85764781,48,34,0.585,70000000 
2015-16,Washington Wizards,85055155,41,41,0.5,70000000 
2015-16,New Orleans Pelicans,83709371,30,52,0.366,70000000 
2015-16,Memphis Grizzlies,83223881,42,40,0.512,70000000 
2015-16,Brooklyn Nets,80258302,21,61,0.256,70000000 
2015-16,Detroit Pistons,77256014,44,38,0.537,70000000 
2015-16,Boston Celtics,77141919,48,34,0.585,70000000 
2015-16,Charlotte Hornets,76860006,48,34,0.585,70000000 
2015-16,Dallas Mavericks,75397067,42,40,0.512,70000000 
2015-16,New York Knicks,74237021,32,50,0.39,70000000 
2015-16,Milwaukee Bucks,73843541,33,49,0.402,70000000 
2015-16,Los Angeles Lakers,72694352,17,65,0.207,70000000 
2015-16,Denver Nuggets,72589023,33,49,0.402,70000000 
2015-16,Minnesota Timberwolves,72287243,29,53,0.354,70000000 
2015-16,Atlanta Hawks,71661760,48,34,0.585,70000000 
2015-16,Indiana Pacers,71605233,45,37,0.5489999999999999,70000000 
2015-16,Toronto Raptors,71591189,56,26,0.6829999999999999,70000000 
2015-16,Sacramento Kings,70610560,33,49,0.402,70000000 
2015-16,Phoenix Suns,68095365,23,59,0.28,70000000 
2015-16,Philadelphia 76ers,64583220,10,72,0.122,70000000 
2015-16,Utah Jazz,63608425,40,42,0.488,70000000 
2015-16,Orlando Magic,63199651,35,47,0.42700000000000005,70000000 
2015-16,Portland Trail Blazers,61685814,44,38,0.537,70000000 
2014-15,Brooklyn Nets,87817289,38,44,0.46299999999999997,63065000 
2014-15,Los Angeles Clippers,85259447,56,26,0.6829999999999999,63065000 
2014-15,Dallas Mavericks,84820225,50,32,0.61,63065000 
2014-15,Cleveland Cavaliers,82592827,53,29,0.6459999999999999,63065000 
2014-15,New York Knicks,81369219,17,65,0.207,63065000 
2014-15,Toronto Raptors,81317963,49,33,0.598,63065000 
2014-15,Oklahoma City Thunder,80408520,45,37,0.5489999999999999,63065000 
2014-15,New Orleans Pelicans,80012866,45,37,0.5489999999999999,63065000 
2014-15,Los Angeles Lakers,77546500,21,61,0.256,63065000 
2014-15,Houston Rockets,76849302,56,26,0.6829999999999999,63065000 
2014-15,Miami Heat,75813041,37,45,0.451,63065000 
2014-15,Memphis Grizzlies,75158730,55,27,0.6709999999999999,63065000 
2014-15,Indiana Pacers,74793526,38,44,0.46299999999999997,63065000 
2014-15,Golden State Warriors,73611166,67,15,0.8170000000000001,63065000 
2014-15,Sacramento Kings,73379071,29,53,0.354,63065000 
2014-15,Washington Wizards,73372974,46,36,0.561,63065000 
2014-15,San Antonio Spurs,70770209,55,27,0.6709999999999999,63065000 
2014-15,Portland Trail Blazers,69936842,51,31,0.622,63065000 
2014-15,Minnesota Timberwolves,69378954,16,66,0.195,63065000 
2014-15,Chicago Bulls,67414682,50,32,0.61,63065000 
2014-15,Detroit Pistons,67410675,32,50,0.39,63065000 
2014-15,Charlotte Hornets,66792937,33,49,0.402,63065000 
2014-15,Boston Celtics,62218516,40,42,0.488,63065000 
2014-15,Utah Jazz,60847538,38,44,0.46299999999999997,63065000 
2014-15,Orlando Magic,59629210,25,57,0.305,63065000 
2014-15,Atlanta Hawks,58320278,60,22,0.732,63065000 
2014-15,Phoenix Suns,58018672,39,43,0.47600000000000003,63065000 
2014-15,Denver Nuggets,56820307,30,52,0.366,63065000 
2014-15,Milwaukee Bucks,54473275,41,41,0.5,63065000 
2014-15,Philadelphia 76ers,54355571,18,64,0.22,63065000 
2013-14,Brooklyn Nets,102589967,44,38,0.537,58679000 
2013-14,New York Knicks,89072787,37,45,0.451,58679000 
2013-14,Miami Heat,80841617,54,28,0.659,58679000 
2013-14,Los Angeles Lakers,77423614,27,55,0.32899999999999996,58679000 
2013-14,Dallas Mavericks,75012158,49,33,0.598,58679000 
2013-14,Chicago Bulls,73336893,48,34,0.585,58679000 
2013-14,Los Angeles Clippers,73049774,57,25,0.695,58679000 
2013-14,Golden State Warriors,72503122,51,31,0.622,58679000 
2013-14,Memphis Grizzlies,71992885,50,32,0.61,58679000 
2013-14,Oklahoma City Thunder,71653401,59,23,0.72,58679000 
2013-14,Toronto Raptors,71561643,48,34,0.585,58679000 
2013-14,Boston Celtics,70885503,25,57,0.305,58679000 
2013-14,Minnesota Timberwolves,68564040,40,42,0.488,58679000 
2013-14,New Orleans Pelicans,67358651,34,48,0.415,58679000 
2013-14,Indiana Pacers,67182414,56,26,0.6829999999999999,58679000 
2013-14,Cleveland Cavaliers,66654061,33,49,0.402,58679000 
2013-14,Denver Nuggets,65782065,36,46,0.439,58679000 
2013-14,Washington Wizards,64698822,44,38,0.537,58679000 
2013-14,San Antonio Spurs,63115911,62,20,0.7559999999999999,58679000 
2013-14,Detroit Pistons,62387432,29,53,0.354,58679000 
2013-14,Portland Trail Blazers,61260350,54,28,0.659,58679000 
2013-14,Charlotte Hornets,60395651,43,39,0.524,58679000 
2013-14,Sacramento Kings,59174155,28,54,0.341,58679000 
2013-14,Atlanta Hawks,58998677,38,44,0.46299999999999997,58679000 
2013-14,Houston Rockets,57823063,54,28,0.659,58679000 
2013-14,Orlando Magic,56948031,23,59,0.28,58679000 
2013-14,Utah Jazz,56911999,25,57,0.305,58679000 
2013-14,Phoenix Suns,55569468,48,34,0.585,58679000 
2013-14,Milwaukee Bucks,54400846,15,67,0.183,58679000 
2013-14,Philadelphia 76ers,51741312,19,63,0.23199999999999998,58679000 
2012-13,Los Angeles Lakers,100131988,45,37,0.5489999999999999,58044000 
2012-13,Brooklyn Nets,87644649,49,33,0.598,58044000 
2012-13,Miami Heat,80427933,66,16,0.805,58044000 
2012-13,New York Knicks,79977119,54,28,0.659,58044000 
2012-13,Boston Celtics,75508399,41,40,0.506,58044000 
2012-13,Chicago Bulls,74491280,45,37,0.5489999999999999,58044000 
2012-13,Golden State Warriors,70036985,47,35,0.573,58044000 
2012-13,San Antonio Spurs,69838600,58,24,0.7070000000000001,58044000 
2012-13,Dallas Mavericks,69766571,41,41,0.5,58044000 
2012-13,Los Angeles Clippers,69152721,56,26,0.6829999999999999,58044000 
2012-13,Oklahoma City Thunder,68924100,60,22,0.732,58044000 
2012-13,Detroit Pistons,68807497,29,53,0.354,58044000 
2012-13,Atlanta Hawks,66710178,44,38,0.537,58044000 
2012-13,Philadelphia 76ers,66697839,34,48,0.415,58044000 
2012-13,Orlando Magic,66557496,20,62,0.244,58044000 
2012-13,Indiana Pacers,66107195,49,32,0.605,58044000 
2012-13,Utah Jazz,65657569,43,39,0.524,58044000 
2012-13,Minnesota Timberwolves,64329748,31,51,0.37799999999999995,58044000 
2012-13,New Orleans Pelicans,64134537,27,55,0.32899999999999996,58044000 
2012-13,Toronto Raptors,63708138,34,48,0.415,58044000 
2012-13,Denver Nuggets,63444254,57,25,0.695,58044000 
2012-13,Memphis Grizzlies,63054115,56,26,0.6829999999999999,58044000 
2012-13,Milwaukee Bucks,62410041,38,44,0.46299999999999997,58044000 
2012-13,Washington Wizards,59715539,29,53,0.354,58044000 
2012-13,Portland Trail Blazers,59442596,33,49,0.402,58044000 
2012-13,Charlotte Hornets,58122566,21,61,0.256,58044000 
2012-13,Cleveland Cavaliers,54472190,24,58,0.293,58044000 
2012-13,Sacramento Kings,54421935,28,54,0.341,58044000 
2012-13,Phoenix Suns,54196264,25,57,0.305,58044000 
2012-13,Houston Rockets,48048265,45,37,0.5489999999999999,58044000 
2011-12,Los Angeles Lakers,88264478,41,25,0.621,58044000 
2011-12,Orlando Magic,87955505,37,29,0.561,58044000 
2011-12,Portland Trail Blazers,80920717,28,38,0.424,58044000 
2011-12,Phoenix Suns,80640576,33,33,0.5,58044000 
2011-12,Boston Celtics,79820530,39,27,0.591,58044000 
2011-12,Dallas Mavericks,77180233,36,30,0.545,58044000 
2011-12,New York Knicks,77093212,36,30,0.545,58044000 
2011-12,Miami Heat,75469639,46,20,0.6970000000000001,58044000 
2011-12,San Antonio Spurs,73732762,50,16,0.758,58044000 
2011-12,Atlanta Hawks,73669912,40,26,0.606,58044000 
2011-12,Detroit Pistons,70923605,25,41,0.379,58044000 
2011-12,Memphis Grizzlies,70628007,41,25,0.621,58044000 
2011-12,Chicago Bulls,69548447,50,16,0.758,58044000 
2011-12,Los Angeles Clippers,67333389,40,26,0.606,58044000 
2011-12,Philadelphia 76ers,66672368,35,31,0.53,58044000 
2011-12,New Orleans Pelicans,65441008,21,45,0.318,58044000 
2011-12,Brooklyn Nets,65281235,22,44,0.33299999999999996,58044000 
2011-12,Cleveland Cavaliers,64875599,21,45,0.318,58044000 
2011-12,Golden State Warriors,61576901,23,43,0.348,58044000 
2011-12,Milwaukee Bucks,60192388,31,35,0.47,58044000 
2011-12,Oklahoma City Thunder,59501709,47,19,0.7120000000000001,58044000 
2011-12,Denver Nuggets,58553173,38,28,0.5760000000000001,58044000 
2011-12,Utah Jazz,58178016,36,30,0.545,58044000 
2011-12,Charlotte Hornets,57902024,7,59,0.106,58044000 
2011-12,Houston Rockets,57021755,34,32,0.515,58044000 
2011-12,Minnesota Timberwolves,56844339,26,40,0.39399999999999996,58044000 
2011-12,Washington Wizards,55386345,20,46,0.303,58044000 
2011-12,Toronto Raptors,55063049,23,43,0.348,58044000 
2011-12,Indiana Pacers,51554083,42,24,0.636,58044000 
2011-12,Sacramento Kings,48950236,22,44,0.33299999999999996,58044000 
2010-11,Los Angeles Lakers,91428140,57,25,0.695,58044000 
2010-11,Orlando Magic,90770804,52,30,0.634,58044000 
2010-11,Dallas Mavericks,85409890,57,25,0.695,58044000 
2010-11,Boston Celtics,82045867,56,26,0.6829999999999999,58044000 
2010-11,Utah Jazz,75855296,39,43,0.47600000000000003,58044000 
2010-11,Portland Trail Blazers,74584058,48,34,0.585,58044000 
2010-11,Houston Rockets,72315654,43,39,0.524,58044000 
2010-11,Atlanta Hawks,71469843,44,38,0.537,58044000 
2010-11,Memphis Grizzlies,70241344,46,36,0.561,58044000 
2010-11,Toronto Raptors,69992648,22,60,0.268,58044000 
2010-11,San Antonio Spurs,69522311,61,21,0.7440000000000001,58044000 
2010-11,Milwaukee Bucks,69076690,35,47,0.42700000000000005,58044000 
2010-11,Philadelphia 76ers,68915246,41,41,0.5,58044000 
2010-11,Golden State Warriors,68415336,36,46,0.439,58044000 
2010-11,New Orleans Pelicans,68230729,46,36,0.561,58044000 
2010-11,Denver Nuggets,68019290,50,32,0.61,58044000 
2010-11,New York Knicks,67016562,42,40,0.512,58044000 
2010-11,Charlotte Hornets,66542696,34,48,0.415,58044000 
2010-11,Miami Heat,66205855,58,24,0.7070000000000001,58044000 
2010-11,Phoenix Suns,65979054,40,42,0.488,58044000 
2010-11,Detroit Pistons,65517821,30,52,0.366,58044000 
2010-11,Indiana Pacers,65088630,37,45,0.451,58044000 
2010-11,Brooklyn Nets,58495989,24,58,0.293,58044000 
2010-11,Washington Wizards,58324988,23,59,0.28,58044000 
2010-11,Oklahoma City Thunder,55922488,55,27,0.6709999999999999,58044000 
2010-11,Chicago Bulls,54538076,62,20,0.7559999999999999,58044000 
2010-11,Cleveland Cavaliers,53990021,19,63,0.23199999999999998,58044000 
2010-11,Minnesota Timberwolves,53461123,17,65,0.207,58044000 
2010-11,Los Angeles Clippers,53225329,32,50,0.39,58044000 
2010-11,Sacramento Kings,45268465,24,58,0.293,58044000 
2009-10,Los Angeles Lakers,91378064,57,25,0.695,57700000 
2009-10,Dallas Mavericks,88916075,55,27,0.6709999999999999,57700000 
2009-10,New York Knicks,85710076,29,53,0.354,57700000 
2009-10,Boston Celtics,83552174,50,32,0.61,57700000 
2009-10,Cleveland Cavaliers,83398534,61,21,0.7440000000000001,57700000 
2009-10,Orlando Magic,82200916,59,23,0.72,57700000 
2009-10,San Antonio Spurs,79338309,50,32,0.61,57700000 
2009-10,Denver Nuggets,74935538,53,29,0.6459999999999999,57700000 
2009-10,Miami Heat,74208013,47,35,0.573,57700000 
2009-10,Washington Wizards,73440274,26,56,0.317,57700000 
2009-10,Utah Jazz,71905244,53,29,0.6459999999999999,57700000 
2009-10,New Orleans Pelicans,70163827,37,45,0.451,57700000 
2009-10,Chicago Bulls,69700359,41,41,0.5,57700000 
2009-10,Houston Rockets,69095315,42,40,0.512,57700000 
2009-10,Charlotte Hornets,68681758,44,38,0.537,57700000 
2009-10,Toronto Raptors,67822433,40,42,0.488,57700000 
2009-10,Sacramento Kings,67515718,25,57,0.305,57700000 
2009-10,Milwaukee Bucks,66775602,46,36,0.561,57700000 
2009-10,Indiana Pacers,66733257,32,50,0.39,57700000 
2009-10,Atlanta Hawks,65883642,53,29,0.6459999999999999,57700000 
2009-10,Golden State Warriors,65352372,26,56,0.317,57700000 
2009-10,Phoenix Suns,65288544,54,28,0.659,57700000 
2009-10,Philadelphia 76ers,64883448,27,55,0.32899999999999996,57700000 
2009-10,Minnesota Timberwolves,62253360,15,67,0.183,57700000 
2009-10,Los Angeles Clippers,61616409,29,53,0.354,57700000 
2009-10,Detroit Pistons,60185833,27,55,0.32899999999999996,57700000 
2009-10,Brooklyn Nets,59366715,12,70,0.146,57700000 
2009-10,Oklahoma City Thunder,58578614,50,32,0.61,57700000 
2009-10,Memphis Grizzlies,57287474,40,42,0.488,57700000 
2009-10,Portland Trail Blazers,56946258,50,32,0.61,57700000 
2008-09,New York Knicks,96643646,32,50,0.39,58680000 
2008-09,Dallas Mavericks,95045559,50,32,0.61,58680000 
2008-09,Cleveland Cavaliers,91298233,66,16,0.805,58680000 
2008-09,Portland Trail Blazers,80260059,54,28,0.659,58680000 
2008-09,Boston Celtics,79188973,62,20,0.7559999999999999,58680000 
2008-09,Los Angeles Lakers,78245793,65,17,0.7929999999999999,58680000 
2008-09,Phoenix Suns,76130408,46,36,0.561,58680000 
2008-09,Toronto Raptors,73446970,33,49,0.402,58680000 
2008-09,Houston Rockets,73302272,53,29,0.6459999999999999,58680000 
2008-09,Detroit Pistons,71434174,39,43,0.47600000000000003,58680000 
2008-09,Milwaukee Bucks,71360656,34,48,0.415,58680000 
2008-09,Washington Wizards,70743317,19,63,0.23199999999999998,58680000 
2008-09,Miami Heat,70297059,43,39,0.524,58680000 
2008-09,Denver Nuggets,70121003,54,28,0.659,58680000 
2008-09,Orlando Magic,69672979,59,23,0.72,58680000 
2008-09,Indiana Pacers,69668818,36,46,0.439,58680000 
2008-09,Sacramento Kings,69204512,17,65,0.207,58680000 
2008-09,Oklahoma City Thunder,68341605,23,59,0.28,58680000 
2008-09,Philadelphia 76ers,68301007,41,41,0.5,58680000 
2008-09,Atlanta Hawks,68168841,47,35,0.573,58680000 
2008-09,Chicago Bulls,68126774,41,41,0.5,58680000 
2008-09,San Antonio Spurs,68020487,54,28,0.659,58680000 
2008-09,New Orleans Pelicans,67530808,49,33,0.598,58680000 
2008-09,Golden State Warriors,67416431,29,53,0.354,58680000 
2008-09,Minnesota Timberwolves,66445144,24,58,0.293,58680000 
2008-09,Utah Jazz,65841407,48,34,0.585,58680000 
2008-09,Charlotte Hornets,62866926,35,47,0.42700000000000005,58680000 
2008-09,Los Angeles Clippers,62764206,19,63,0.23199999999999998,58680000 
2008-09,Brooklyn Nets,62666523,34,48,0.415,58680000 
2008-09,Memphis Grizzlies,55958148,24,58,0.293,58680000 
2007-08,Dallas Mavericks,101694879,51,31,0.622,55630000 
2007-08,New York Knicks,96190114,23,59,0.28,55630000 
2007-08,Denver Nuggets,82958227,50,32,0.61,55630000 
2007-08,Cleveland Cavaliers,82217583,45,37,0.5489999999999999,55630000 
2007-08,Miami Heat,74767603,15,67,0.183,55630000 
2007-08,Boston Celtics,74509455,66,16,0.805,55630000 
2007-08,Philadelphia 76ers,74038229,40,42,0.488,55630000 
2007-08,Portland Trail Blazers,73241335,41,41,0.5,55630000 
2007-08,Los Angeles Lakers,72626796,57,25,0.695,55630000 
2007-08,Phoenix Suns,71323049,55,27,0.6709999999999999,55630000 
2007-08,San Antonio Spurs,70048523,56,26,0.6829999999999999,55630000 
2007-08,Houston Rockets,69894114,55,27,0.6709999999999999,55630000 
2007-08,Minnesota Timberwolves,69043895,22,60,0.268,55630000 
2007-08,Indiana Pacers,66260246,36,46,0.439,55630000 
2007-08,Toronto Raptors,66042375,41,41,0.5,55630000 
2007-08,Detroit Pistons,65898875,59,23,0.72,55630000 
2007-08,Washington Wizards,65278996,43,39,0.524,55630000 
2007-08,Utah Jazz,64959089,54,28,0.659,55630000 
2007-08,Los Angeles Clippers,64847945,23,59,0.28,55630000 
2007-08,Sacramento Kings,63403225,38,44,0.46299999999999997,55630000 
2007-08,Chicago Bulls,63084166,33,49,0.402,55630000 
2007-08,New Orleans Pelicans,62609991,56,26,0.6829999999999999,55630000 
2007-08,Milwaukee Bucks,62571522,26,56,0.317,55630000 
2007-08,Golden State Warriors,62148303,48,34,0.585,55630000 
2007-08,Brooklyn Nets,61836211,34,48,0.415,55630000 
2007-08,Oklahoma City Thunder,60861388,20,62,0.244,55630000 
2007-08,Orlando Magic,58165973,52,30,0.634,55630000 
2007-08,Atlanta Hawks,55501133,37,45,0.451,55630000 
2007-08,Memphis Grizzlies,54118526,22,60,0.268,55630000 
2007-08,Charlotte Hornets,53745468,32,50,0.39,55630000 
2006-07,New York Knicks,117350866,33,49,0.402,53135000 
2006-07,Dallas Mavericks,88531846,67,15,0.8170000000000001,53135000 
2006-07,Los Angeles Lakers,77099949,42,40,0.512,53135000 
2006-07,Portland Trail Blazers,75026386,32,50,0.39,53135000 
2006-07,Philadelphia 76ers,69140163,35,47,0.42700000000000005,53135000 
2006-07,Minnesota Timberwolves,66820673,32,50,0.39,53135000 
2006-07,Phoenix Suns,65841120,61,21,0.7440000000000001,53135000 
2006-07,San Antonio Spurs,65654320,58,24,0.7070000000000001,53135000 
2006-07,Denver Nuggets,65517776,45,37,0.5489999999999999,53135000 
2006-07,Golden State Warriors,65012368,42,40,0.512,53135000 
2006-07,Brooklyn Nets,64486110,41,41,0.5,53135000 
2006-07,Miami Heat,64416312,44,38,0.537,53135000 
2006-07,Sacramento Kings,64296611,33,49,0.402,53135000 
2006-07,Houston Rockets,63837566,52,30,0.634,53135000 
2006-07,Milwaukee Bucks,63498518,28,54,0.341,53135000 
2006-07,Indiana Pacers,63118965,35,47,0.42700000000000005,53135000 
2006-07,Cleveland Cavaliers,62992729,50,32,0.61,53135000 
2006-07,Boston Celtics,62981479,24,58,0.293,53135000 
2006-07,Washington Wizards,62733705,41,41,0.5,53135000 
2006-07,Utah Jazz,62364364,51,31,0.622,53135000 
2006-07,Memphis Grizzlies,61960489,22,60,0.268,53135000 
2006-07,Orlando Magic,61447108,40,42,0.488,53135000 
2006-07,Los Angeles Clippers,59181038,40,42,0.488,53135000 
2006-07,Detroit Pistons,59010951,53,29,0.6459999999999999,53135000 
2006-07,Oklahoma City Thunder,56986831,31,51,0.37799999999999995,53135000 
2006-07,Chicago Bulls,54754904,49,33,0.598,53135000 
2006-07,New Orleans Pelicans,53748991,39,43,0.47600000000000003,53135000 
2006-07,Toronto Raptors,51015491,47,35,0.573,53135000 
2006-07,Atlanta Hawks,48581972,30,52,0.366,53135000 
2006-07,Charlotte Hornets,41964046,33,49,0.402,53135000 
2005-06,New York Knicks,126631098,23,59,0.28,49500000 
2005-06,Dallas Mavericks,98454832,60,22,0.732,49500000 
2005-06,Philadelphia 76ers,84807300,38,44,0.46299999999999997,49500000 
2005-06,Indiana Pacers,78791779,41,41,0.5,49500000 
2005-06,Orlando Magic,75784782,36,46,0.439,49500000 
2005-06,Los Angeles Lakers,72917945,45,37,0.5489999999999999,49500000 
2005-06,Houston Rockets,69257404,34,48,0.415,49500000 
2005-06,Memphis Grizzlies,67525538,49,33,0.598,49500000 
2005-06,Brooklyn Nets,66449350,49,33,0.598,49500000 
2005-06,San Antonio Spurs,63570274,63,19,0.768,49500000 
2005-06,Milwaukee Bucks,63022514,40,42,0.488,49500000 
2005-06,Sacramento Kings,62811975,44,38,0.537,49500000 
2005-06,Toronto Raptors,62411884,27,55,0.32899999999999996,49500000 
2005-06,Minnesota Timberwolves,61830186,33,49,0.402,49500000 
2005-06,Miami Heat,60732452,52,30,0.634,49500000 
2005-06,Portland Trail Blazers,60017964,21,61,0.256,49500000 
2005-06,Detroit Pistons,59619275,64,18,0.78,49500000 
2005-06,Utah Jazz,57372902,41,41,0.5,49500000 
2005-06,Chicago Bulls,57166530,41,41,0.5,49500000 
2005-06,Golden State Warriors,57114566,34,48,0.415,49500000 
2005-06,Boston Celtics,56907300,33,49,0.402,49500000 
2005-06,Denver Nuggets,56492172,44,38,0.537,49500000 
2005-06,Washington Wizards,54555947,42,40,0.512,49500000 
2005-06,Phoenix Suns,53626924,54,28,0.659,49500000 
2005-06,Los Angeles Clippers,51358645,47,35,0.573,49500000 
2005-06,Cleveland Cavaliers,51303962,50,32,0.61,49500000 
2005-06,Oklahoma City Thunder,49253379,35,47,0.42700000000000005,49500000 
2005-06,Atlanta Hawks,42944553,26,56,0.317,49500000 
2005-06,New Orleans Pelicans,41277617,38,44,0.46299999999999997,49500000 
2005-06,Charlotte Hornets,33458932,26,56,0.317,49500000 
2004-05,New York Knicks,102567539,33,49,0.402,43870000 
2004-05,Dallas Mavericks,91908443,58,24,0.7070000000000001,43870000 
2004-05,Portland Trail Blazers,83671309,27,55,0.32899999999999996,43870000 
2004-05,Philadelphia 76ers,71951878,43,39,0.524,43870000 
2004-05,Minnesota Timberwolves,70123411,44,38,0.537,43870000 
2004-05,Memphis Grizzlies,67010830,45,37,0.5489999999999999,43870000 
2004-05,Orlando Magic,66445249,36,46,0.439,43870000 
2004-05,Indiana Pacers,66064780,44,38,0.537,43870000 
2004-05,Los Angeles Lakers,65059098,34,48,0.415,43870000 
2004-05,Boston Celtics,64577356,45,37,0.5489999999999999,43870000 
2004-05,Sacramento Kings,61807688,50,32,0.61,43870000 
2004-05,Toronto Raptors,61703775,33,49,0.402,43870000 
2004-05,Houston Rockets,60284303,51,31,0.622,43870000 
2004-05,Miami Heat,59523529,59,23,0.72,43870000 
2004-05,Milwaukee Bucks,57448246,30,52,0.366,43870000 
2004-05,Chicago Bulls,57276129,47,35,0.573,43870000 
2004-05,New Orleans Pelicans,56572882,18,64,0.22,43870000 
2004-05,Brooklyn Nets,54983980,42,40,0.512,43870000 
2004-05,Golden State Warriors,54943723,34,48,0.415,43870000 
2004-05,Detroit Pistons,54762481,54,28,0.659,43870000 
2004-05,Oklahoma City Thunder,53821301,52,30,0.634,43870000 
2004-05,Washington Wizards,49797050,45,37,0.5489999999999999,43870000 
2004-05,Cleveland Cavaliers,49175274,42,40,0.512,43870000 
2004-05,San Antonio Spurs,47504123,59,23,0.72,43870000 
2004-05,Denver Nuggets,46101759,49,33,0.598,43870000 
2004-05,Los Angeles Clippers,45483265,37,45,0.451,43870000 
2004-05,Phoenix Suns,44598682,62,20,0.7559999999999999,43870000 
2004-05,Utah Jazz,43515760,26,56,0.317,43870000 
2004-05,Atlanta Hawks,41059616,13,69,0.159,43870000 
2004-05,Charlotte Hornets,23922578,18,64,0.22,43870000 
2003-04,New York Knicks,89444820,39,43,0.47600000000000003,43840000 
2003-04,Portland Trail Blazers,82956768,41,41,0.5,43840000 
2003-04,Dallas Mavericks,79536723,52,30,0.634,43840000 
2003-04,Minnesota Timberwolves,71272042,58,24,0.7070000000000001,43840000 
2003-04,Sacramento Kings,68372826,55,27,0.6709999999999999,43840000 
2003-04,Phoenix Suns,66931770,29,53,0.354,43840000 
2003-04,Atlanta Hawks,64497340,28,54,0.341,43840000 
2003-04,Los Angeles Lakers,64123085,56,26,0.6829999999999999,43840000 
2003-04,Brooklyn Nets,63697123,47,35,0.573,43840000 
2003-04,Toronto Raptors,63033243,33,49,0.402,43840000 
2003-04,Philadelphia 76ers,60411079,33,49,0.402,43840000 
2003-04,Boston Celtics,60185915,36,46,0.439,43840000 
2003-04,Indiana Pacers,58156236,61,21,0.7440000000000001,43840000 
2003-04,Memphis Grizzlies,57378323,50,32,0.61,43840000 
2003-04,Chicago Bulls,55489797,23,59,0.28,43840000 
2003-04,Houston Rockets,55401430,45,37,0.5489999999999999,43840000 
2003-04,Detroit Pistons,53442834,54,28,0.659,43840000 
2003-04,Golden State Warriors,53376708,37,45,0.451,43840000 
2003-04,Milwaukee Bucks,53229826,41,41,0.5,43840000 
2003-04,Oklahoma City Thunder,52347476,37,45,0.451,43840000 
2003-04,Orlando Magic,50588419,21,61,0.256,43840000 
2003-04,New Orleans Pelicans,49800204,41,41,0.5,43840000 
2003-04,Miami Heat,47349374,42,40,0.512,43840000 
2003-04,San Antonio Spurs,46464064,57,25,0.695,43840000 
2003-04,Cleveland Cavaliers,46186472,35,47,0.42700000000000005,43840000 
2003-04,Washington Wizards,45682902,25,57,0.305,43840000 
2003-04,Denver Nuggets,39398646,43,39,0.524,43840000 
2003-04,Los Angeles Clippers,39114363,28,54,0.341,43840000 
2003-04,Utah Jazz,34747674,42,40,0.512,43840000 
2002-03,Portland Trail Blazers,105595657,50,32,0.61,40271000 
2002-03,New York Knicks,93452379,37,45,0.451,40271000 
2002-03,Dallas Mavericks,72940316,60,22,0.732,40271000 
2002-03,Sacramento Kings,70416596,59,23,0.72,40271000 
2002-03,Philadelphia 76ers,64822487,48,34,0.585,40271000 
2002-03,Los Angeles Lakers,63151182,50,32,0.61,40271000 
2002-03,Memphis Grizzlies,61009172,28,54,0.341,40271000 
2002-03,Brooklyn Nets,60412919,49,33,0.598,40271000 
2002-03,Minnesota Timberwolves,59518801,51,31,0.622,40271000 
2002-03,Milwaukee Bucks,57995152,42,40,0.512,40271000 
2002-03,Miami Heat,57378326,25,57,0.305,40271000 
2002-03,Atlanta Hawks,55711549,35,47,0.42700000000000005,40271000 
2002-03,Toronto Raptors,55408207,24,58,0.293,40271000 
2002-03,Phoenix Suns,55225080,44,38,0.537,40271000 
2002-03,Indiana Pacers,53472323,48,34,0.585,40271000 
2002-03,San Antonio Spurs,53182559,60,22,0.732,40271000 
2002-03,Oklahoma City Thunder,53167479,40,42,0.488,40271000 
2002-03,Boston Celtics,52548195,44,38,0.537,40271000 
2002-03,Utah Jazz,50934629,47,35,0.573,40271000 
2002-03,Orlando Magic,50435346,42,40,0.512,40271000 
2002-03,Houston Rockets,50181239,43,39,0.524,40271000 
2002-03,Cleveland Cavaliers,49610448,17,65,0.207,40271000 
2002-03,Denver Nuggets,49109209,17,65,0.207,40271000 
2002-03,Detroit Pistons,47777888,50,32,0.61,40271000 
2002-03,Golden State Warriors,47737715,38,44,0.46299999999999997,40271000 
2002-03,Washington Wizards,46691190,37,45,0.451,40271000 
2002-03,Chicago Bulls,44531095,30,52,0.366,40271000 
2002-03,New Orleans Pelicans,44458882,47,35,0.573,40271000 
2002-03,Los Angeles Clippers,42955777,27,55,0.32899999999999996,40271000 
2001-02,New York Knicks,85993039,30,52,0.366,42500000 
2001-02,Portland Trail Blazers,84292850,49,33,0.598,42500000 
2001-02,Brooklyn Nets,75193712,52,30,0.634,42500000 
2001-02,Philadelphia 76ers,58073366,43,39,0.524,42500000 
2001-02,Dallas Mavericks,57960080,57,25,0.695,42500000 
2001-02,Phoenix Suns,56596369,36,46,0.439,42500000 
2001-02,Milwaukee Bucks,56224266,41,41,0.5,42500000 
2001-02,Minnesota Timberwolves,55093782,50,32,0.61,42500000 
2001-02,Sacramento Kings,54921012,61,21,0.7440000000000001,42500000 
2001-02,Washington Wizards,54776087,37,45,0.451,42500000 
2001-02,Denver Nuggets,54460475,27,55,0.32899999999999996,42500000 
2001-02,Los Angeles Lakers,54262017,58,24,0.7070000000000001,42500000 
2001-02,Indiana Pacers,53398621,42,40,0.512,42500000 
2001-02,Miami Heat,53351186,36,46,0.439,42500000 
2001-02,Toronto Raptors,52657161,42,40,0.512,42500000 
2001-02,Utah Jazz,52642362,44,38,0.537,42500000 
2001-02,Atlanta Hawks,51525207,33,49,0.402,42500000 
2001-02,Memphis Grizzlies,50920631,23,59,0.28,42500000 
2001-02,Charlotte Hornets,49999445,44,38,0.537,42500000 
2001-02,Houston Rockets,49168169,28,54,0.341,42500000 
2001-02,Golden State Warriors,47681152,21,61,0.256,42500000 
2001-02,Boston Celtics,47515677,49,33,0.598,42500000 
2001-02,Orlando Magic,45984001,44,38,0.537,42500000 
2001-02,San Antonio Spurs,45844814,58,24,0.7070000000000001,42500000 
2001-02,Cleveland Cavaliers,45649974,29,53,0.354,42500000 
2001-02,Oklahoma City Thunder,45556733,45,37,0.5489999999999999,42500000 
2001-02,Chicago Bulls,42592857,21,61,0.256,42500000 
2001-02,Detroit Pistons,42417677,50,32,0.61,42500000 
2001-02,Los Angeles Clippers,33849932,39,43,0.47600000000000003,42500000 
2000-01,Portland Trail Blazers,87395140,50,32,0.61,35500000 
2000-01,New York Knicks,74007738,48,34,0.585,35500000 
2000-01,Miami Heat,73472329,50,32,0.61,35500000 
2000-01,Brooklyn Nets,68977578,26,56,0.317,35500000 
2000-01,Washington Wizards,59085969,19,63,0.23199999999999998,35500000 
2000-01,Los Angeles Lakers,58968213,56,26,0.6829999999999999,35500000 
2000-01,Milwaukee Bucks,57819318,52,30,0.634,35500000 
2000-01,San Antonio Spurs,57215938,58,24,0.7070000000000001,35500000 
2000-01,Indiana Pacers,55086140,41,41,0.5,35500000 
2000-01,Phoenix Suns,53906347,51,31,0.622,35500000 
2000-01,Utah Jazz,53893860,53,29,0.6459999999999999,35500000 
2000-01,Dallas Mavericks,52274842,53,29,0.6459999999999999,35500000 
2000-01,Denver Nuggets,52189220,40,42,0.488,35500000 
2000-01,Oklahoma City Thunder,51538658,44,38,0.537,35500000 
2000-01,Boston Celtics,51478707,36,46,0.439,35500000 
2000-01,Philadelphia 76ers,51085458,56,26,0.6829999999999999,35500000 
2000-01,Cleveland Cavaliers,49780549,30,52,0.366,35500000 
2000-01,Houston Rockets,49283309,45,37,0.5489999999999999,35500000 
2000-01,Memphis Grizzlies,48899840,23,59,0.28,35500000 
2000-01,Minnesota Timberwolves,47488500,47,35,0.573,35500000 
2000-01,Charlotte Hornets,46441558,46,36,0.561,35500000 
2000-01,Sacramento Kings,46266289,55,27,0.6709999999999999,35500000 
2000-01,Golden State Warriors,42363018,17,65,0.207,35500000 
2000-01,Detroit Pistons,40475338,32,50,0.39,35500000 
2000-01,Atlanta Hawks,39297129,25,57,0.305,35500000 
2000-01,Toronto Raptors,38313749,47,35,0.573,35500000 
2000-01,Orlando Magic,37459860,43,39,0.524,35500000 
2000-01,Chicago Bulls,29691907,15,67,0.183,35500000 
2000-01,Los Angeles Clippers,29606189,31,51,0.37799999999999995,35500000 
1999-00,Portland Trail Blazers,73898705,59,23,0.72,34000000 
1999-00,New York Knicks,72288001,50,32,0.61,34000000 
1999-00,Los Angeles Lakers,55018533,67,15,0.8170000000000001,34000000 
1999-00,Indiana Pacers,54988605,56,26,0.6829999999999999,34000000 
1999-00,Brooklyn Nets,53245461,31,51,0.37799999999999995,34000000 
1999-00,Washington Wizards,53194441,29,53,0.354,34000000 
1999-00,Miami Heat,52496573,52,30,0.634,34000000 
1999-00,Houston Rockets,52269367,34,48,0.415,34000000 
1999-00,Utah Jazz,50348426,55,27,0.6709999999999999,34000000 
1999-00,Cleveland Cavaliers,46547966,32,50,0.39,34000000 
1999-00,Phoenix Suns,46544037,53,29,0.6459999999999999,34000000 
1999-00,Boston Celtics,46152875,35,47,0.42700000000000005,34000000 
1999-00,Milwaukee Bucks,44680197,42,40,0.512,34000000 
1999-00,Atlanta Hawks,44169202,28,54,0.341,34000000 
1999-00,Philadelphia 76ers,43890593,49,33,0.598,34000000 
1999-00,Minnesota Timberwolves,42642272,50,32,0.61,34000000 
1999-00,San Antonio Spurs,42529801,53,29,0.6459999999999999,34000000 
1999-00,Detroit Pistons,42141801,42,40,0.512,34000000 
1999-00,Orlando Magic,41586801,41,41,0.5,34000000 
1999-00,Denver Nuggets,40677095,35,47,0.42700000000000005,34000000 
1999-00,Sacramento Kings,40113125,44,38,0.537,34000000 
1999-00,Dallas Mavericks,40014500,40,42,0.488,34000000 
1999-00,Charlotte Hornets,38619012,49,33,0.598,34000000 
1999-00,Oklahoma City Thunder,38258910,45,37,0.5489999999999999,34000000 
1999-00,Memphis Grizzlies,37432688,22,60,0.268,34000000 
1999-00,Golden State Warriors,36133518,19,63,0.23199999999999998,34000000 
1999-00,Toronto Raptors,34730320,45,37,0.5489999999999999,34000000 
1999-00,Chicago Bulls,27032368,17,65,0.207,34000000 
1999-00,Los Angeles Clippers,22489343,15,67,0.183,34000000 
1998-99,New York Knicks,59945400,27,23,0.54,30000000 
1998-99,Portland Trail Blazers,54725500,35,15,0.7,30000000 
1998-99,Orlando Magic,46118000,33,17,0.66,30000000 
1998-99,Indiana Pacers,45401500,33,17,0.66,30000000 
1998-99,Miami Heat,44594000,33,17,0.66,30000000 
1998-99,Brooklyn Nets,43735000,16,34,0.32,30000000 
1998-99,San Antonio Spurs,43681143,37,13,0.74,30000000 
1998-99,Los Angeles Lakers,41872000,31,19,0.62,30000000 
1998-99,Philadelphia 76ers,41509920,28,22,0.56,30000000 
1998-99,Atlanta Hawks,40954940,31,19,0.62,30000000 
1998-99,Phoenix Suns,36101500,27,23,0.54,30000000 
1998-99,Dallas Mavericks,35565568,19,31,0.38,30000000 
1998-99,Detroit Pistons,34699620,29,21,0.58,30000000 
1998-99,Toronto Raptors,34368500,23,27,0.46,30000000 
1998-99,Washington Wizards,34018500,18,32,0.36,30000000 
1998-99,Milwaukee Bucks,33703240,28,22,0.56,30000000 
1998-99,Memphis Grizzlies,33635800,8,42,0.16,30000000 
1998-99,Minnesota Timberwolves,33107230,25,25,0.5,30000000 
1998-99,Sacramento Kings,32267000,27,23,0.54,30000000 
1998-99,Boston Celtics,32258856,19,31,0.38,30000000 
1998-99,Golden State Warriors,30985000,21,29,0.42,30000000 
1998-99,Charlotte Hornets,30452000,26,24,0.52,30000000 
1998-99,Oklahoma City Thunder,30413082,25,25,0.5,30000000 
1998-99,Utah Jazz,30298560,37,13,0.74,30000000 
1998-99,Houston Rockets,30297100,31,19,0.62,30000000 
1998-99,Denver Nuggets,29392200,14,36,0.28,30000000 
1998-99,Cleveland Cavaliers,28714000,22,28,0.44,30000000 
1998-99,Chicago Bulls,28640500,13,37,0.26,30000000 
1998-99,Los Angeles Clippers,28417580,9,41,0.18,30000000 
1997-98,Chicago Bulls,61330670,62,20,0.7559999999999999,26900000 
1997-98,New York Knicks,53974881,43,39,0.524,26900000 
1997-98,Orlando Magic,43954299,41,41,0.5,26900000 
1997-98,Washington Wizards,40718075,42,40,0.512,26900000 
1997-98,Indiana Pacers,39162273,58,24,0.7070000000000001,26900000 
1997-98,San Antonio Spurs,38846163,56,26,0.6829999999999999,26900000 
1997-98,Oklahoma City Thunder,37592175,61,21,0.7440000000000001,26900000 
1997-98,Phoenix Suns,36937876,56,26,0.6829999999999999,26900000 
1997-98,Los Angeles Lakers,36304583,61,21,0.7440000000000001,26900000 
1997-98,Miami Heat,34641186,55,27,0.6709999999999999,26900000 
1997-98,Golden State Warriors,32856469,19,63,0.23199999999999998,26900000 
1997-98,Philadelphia 76ers,31420520,31,51,0.37799999999999995,26900000 
1997-98,Atlanta Hawks,30133827,50,32,0.61,26900000 
1997-98,Sacramento Kings,30046350,27,55,0.32899999999999996,26900000 
1997-98,Utah Jazz,28505442,62,20,0.7559999999999999,26900000 
1997-98,Brooklyn Nets,28504567,43,39,0.524,26900000 
1997-98,Houston Rockets,28086350,41,41,0.5,26900000 
1997-98,Minnesota Timberwolves,27787780,45,37,0.5489999999999999,26900000 
1997-98,Portland Trail Blazers,27786719,46,36,0.561,26900000 
1997-98,Dallas Mavericks,27268948,20,62,0.244,26900000 
1997-98,Charlotte Hornets,27006013,51,31,0.622,26900000 
1997-98,Boston Celtics,26800500,36,46,0.439,26900000 
1997-98,Cleveland Cavaliers,26677290,47,35,0.573,26900000 
1997-98,Denver Nuggets,26518960,11,71,0.134,26900000 
1997-98,Milwaukee Bucks,25919828,36,46,0.439,26900000 
1997-98,Memphis Grizzlies,25637110,19,63,0.23199999999999998,26900000 
1997-98,Detroit Pistons,24876625,37,45,0.451,26900000 
1997-98,Toronto Raptors,24748905,16,66,0.195,26900000 
1997-98,Los Angeles Clippers,24493625,17,65,0.207,26900000 
1996-97,Chicago Bulls,58270000,69,13,0.841,24363000 
1996-97,Orlando Magic,40149100,45,37,0.5489999999999999,24363000 
1996-97,Indiana Pacers,39480000,39,43,0.47600000000000003,24363000 
1996-97,Phoenix Suns,36140000,40,42,0.488,24363000 
1996-97,Washington Wizards,34940000,44,38,0.537,24363000 
1996-97,Golden State Warriors,31087000,30,52,0.366,24363000 
1996-97,San Antonio Spurs,30785500,20,62,0.244,24363000 
1996-97,Oklahoma City Thunder,30301500,57,25,0.695,24363000 
1996-97,Los Angeles Lakers,28838500,56,26,0.6829999999999999,24363000 
1996-97,Sacramento Kings,27820200,34,48,0.415,24363000 
1996-97,Detroit Pistons,26848500,54,28,0.659,24363000 
1996-97,Houston Rockets,26275000,57,25,0.695,24363000 
1996-97,Dallas Mavericks,26107500,24,58,0.293,24363000 
1996-97,New York Knicks,25923500,57,25,0.695,24363000 
1996-97,Boston Celtics,25853500,15,67,0.183,24363000 
1996-97,Atlanta Hawks,25806100,56,26,0.6829999999999999,24363000 
1996-97,Brooklyn Nets,25426600,26,56,0.317,24363000 
1996-97,Utah Jazz,25267000,64,18,0.78,24363000 
1996-97,Portland Trail Blazers,24903500,49,33,0.598,24363000 
1996-97,Milwaukee Bucks,24222500,33,49,0.402,24363000 
1996-97,Minnesota Timberwolves,24100500,40,42,0.488,24363000 
1996-97,Philadelphia 76ers,23669500,22,60,0.268,24363000 
1996-97,Los Angeles Clippers,23336500,36,46,0.439,24363000 
1996-97,Miami Heat,22421000,61,21,0.7440000000000001,24363000 
1996-97,Denver Nuggets,21243300,21,61,0.256,24363000 
1996-97,Charlotte Hornets,20975500,54,28,0.659,24363000 
1996-97,Cleveland Cavaliers,18867500,42,40,0.512,24363000 
1996-97,Toronto Raptors,18633900,30,52,0.366,24363000 
1996-97,Memphis Grizzlies,15978000,14,68,0.171,24363000 
1995-96,New York Knicks,43329000,47,35,0.573,23000000 
1995-96,Orlando Magic,36526560,60,22,0.732,23000000 
1995-96,Phoenix Suns,36525000,41,41,0.5,23000000 
1995-96,Los Angeles Lakers,30073000,53,29,0.6459999999999999,23000000 
1995-96,Cleveland Cavaliers,27695000,47,35,0.573,23000000 
1995-96,San Antonio Spurs,26553000,59,23,0.72,23000000 
1995-96,Oklahoma City Thunder,25852000,64,18,0.78,23000000 
1995-96,Houston Rockets,25632000,48,34,0.585,23000000 
1995-96,Philadelphia 76ers,25133000,18,64,0.22,23000000 
1995-96,Denver Nuggets,24553000,35,47,0.42700000000000005,23000000 
1995-96,Sacramento Kings,24391000,39,43,0.47600000000000003,23000000 
1995-96,Detroit Pistons,23970000,46,36,0.561,23000000 
1995-96,Portland Trail Blazers,23926000,44,38,0.537,23000000 
1995-96,Indiana Pacers,23909000,52,30,0.634,23000000 
1995-96,Chicago Bulls,23512000,72,10,0.878,23000000 
1995-96,Charlotte Hornets,23084000,41,41,0.5,23000000 
1995-96,Milwaukee Bucks,23011000,25,57,0.305,23000000 
1995-96,Golden State Warriors,22877000,36,46,0.439,23000000 
1995-96,Minnesota Timberwolves,22642000,26,56,0.317,23000000 
1995-96,Brooklyn Nets,22580000,30,52,0.366,23000000 
1995-96,Utah Jazz,22451000,55,27,0.6709999999999999,23000000 
1995-96,Atlanta Hawks,22227000,46,36,0.561,23000000 
1995-96,Washington Wizards,22224000,39,43,0.47600000000000003,23000000 
1995-96,Miami Heat,22087000,42,40,0.512,23000000 
1995-96,Dallas Mavericks,21753000,26,56,0.317,23000000 
1995-96,Los Angeles Clippers,21165000,29,53,0.354,23000000 
1995-96,Boston Celtics,20219000,33,49,0.402,23000000 
1995-96,Memphis Grizzlies,18413000,15,67,0.183,23000000 
1995-96,Toronto Raptors,17955000,21,61,0.256,23000000 
1994-95,Los Angeles Lakers,42068300,48,34,0.585,15964000 
1994-95,Orlando Magic,29069916,57,25,0.695,15964000 
1994-95,Cleveland Cavaliers,28106000,43,39,0.524,15964000 
1994-95,Portland Trail Blazers,26658000,44,38,0.537,15964000 
1994-95,New York Knicks,25748900,55,27,0.6709999999999999,15964000 
1994-95,Indiana Pacers,24918500,52,30,0.634,15964000 
1994-95,Boston Celtics,24462000,35,47,0.42700000000000005,15964000 
1994-95,Oklahoma City Thunder,24073500,57,25,0.695,15964000 
1994-95,Phoenix Suns,23170884,59,23,0.72,15964000 
1994-95,Brooklyn Nets,23121800,30,52,0.366,15964000 
1994-95,San Antonio Spurs,22721982,62,20,0.7559999999999999,15964000 
1994-95,Chicago Bulls,22053129,47,35,0.573,15964000 
1994-95,Denver Nuggets,21940500,41,41,0.5,15964000 
1994-95,Atlanta Hawks,21869340,42,40,0.512,15964000 
1994-95,Sacramento Kings,20209000,39,43,0.47600000000000003,15964000 
1994-95,Miami Heat,20142000,32,50,0.39,15964000 
1994-95,Golden State Warriors,19797300,26,56,0.317,15964000 
1994-95,Philadelphia 76ers,19709510,24,58,0.293,15964000 
1994-95,Charlotte Hornets,19346658,50,32,0.61,15964000 
1994-95,Utah Jazz,18708950,60,22,0.732,15964000 
1994-95,Dallas Mavericks,18053100,36,46,0.439,15964000 
1994-95,Los Angeles Clippers,17876700,17,65,0.207,15964000 
1994-95,Minnesota Timberwolves,17673260,21,61,0.256,15964000 
1994-95,Houston Rockets,17578600,47,35,0.573,15964000 
1994-95,Washington Wizards,17049750,21,61,0.256,15964000 
1994-95,Detroit Pistons,16339300,28,54,0.341,15964000 
1994-95,Milwaukee Bucks,16256960,34,48,0.415,15964000 
1993-94,Cleveland Cavaliers,23711000,47,35,0.573,15175000 
1993-94,Portland Trail Blazers,23534000,47,35,0.573,15175000 
1993-94,Los Angeles Lakers,23478000,33,49,0.402,15175000 
1993-94,Atlanta Hawks,22510000,57,25,0.695,15175000 
1993-94,New York Knicks,22109000,57,25,0.695,15175000 
1993-94,Phoenix Suns,21485000,56,26,0.6829999999999999,15175000 
1993-94,Los Angeles Clippers,20188000,27,55,0.32899999999999996,15175000 
1993-94,Brooklyn Nets,20107000,45,37,0.5489999999999999,15175000 
1993-94,Orlando Magic,19939000,50,32,0.61,15175000 
1993-94,San Antonio Spurs,19316365,55,27,0.6709999999999999,15175000 
1993-94,Golden State Warriors,19239000,50,32,0.61,15175000 
1993-94,Chicago Bulls,18531000,55,27,0.6709999999999999,15175000 
1993-94,Charlotte Hornets,17952000,41,41,0.5,15175000 
1993-94,Boston Celtics,17881000,32,50,0.39,15175000 
1993-94,Miami Heat,17811000,42,40,0.512,15175000 
1993-94,Sacramento Kings,17397000,28,54,0.341,15175000 
1993-94,Indiana Pacers,17196000,47,35,0.573,15175000 
1993-94,Utah Jazz,16990000,53,29,0.6459999999999999,15175000 
1993-94,Houston Rockets,16757000,58,24,0.7070000000000001,15175000 
1993-94,Washington Wizards,16240000,24,58,0.293,15175000 
1993-94,Denver Nuggets,16110000,42,40,0.512,15175000 
1993-94,Oklahoma City Thunder,15967000,63,19,0.768,15175000 
1993-94,Detroit Pistons,15826000,20,62,0.244,15175000 
1993-94,Minnesota Timberwolves,15496000,20,62,0.244,15175000 
1993-94,Philadelphia 76ers,15354000,25,57,0.305,15175000 
1993-94,Milwaukee Bucks,14889000,20,62,0.244,15175000 
1993-94,Dallas Mavericks,14321000,13,69,0.159,15175000 
1992-93,Boston Celtics,25217000,48,34,0.585,14000000 
1992-93,Cleveland Cavaliers,19676000,54,28,0.659,14000000 
1992-93,Los Angeles Lakers,18851000,39,43,0.47600000000000003,14000000 
1992-93,Chicago Bulls,18536000,57,25,0.695,14000000 
1992-93,San Antonio Spurs,18083000,49,33,0.598,14000000 
1992-93,Atlanta Hawks,18036000,43,39,0.524,14000000 
1992-93,Philadelphia 76ers,17367000,26,56,0.317,14000000 
1992-93,Washington Wizards,17249000,22,60,0.268,14000000 
1992-93,Portland Trail Blazers,16369000,51,31,0.622,14000000 
1992-93,Brooklyn Nets,16314000,43,39,0.524,14000000 
1992-93,Indiana Pacers,16268000,41,41,0.5,14000000 
1992-93,Houston Rockets,15877000,55,27,0.6709999999999999,14000000 
1992-93,Golden State Warriors,15473000,34,48,0.415,14000000 
1992-93,Miami Heat,15125000,36,46,0.439,14000000 
1992-93,Orlando Magic,14970000,41,41,0.5,14000000 
1992-93,Utah Jazz,14517000,47,35,0.573,14000000 
1992-93,Los Angeles Clippers,14288000,41,41,0.5,14000000 
1992-93,Phoenix Suns,14280000,62,20,0.7559999999999999,14000000 
1992-93,Charlotte Hornets,14150000,44,38,0.537,14000000 
1992-93,Oklahoma City Thunder,14033000,55,27,0.6709999999999999,14000000 
1992-93,Milwaukee Bucks,14032000,28,54,0.341,14000000 
1992-93,New York Knicks,14001000,60,22,0.732,14000000 
1992-93,Detroit Pistons,13954000,40,42,0.488,14000000 
1992-93,Sacramento Kings,13953000,25,57,0.305,14000000 
1992-93,Denver Nuggets,13776180,36,46,0.439,14000000 
1992-93,Minnesota Timberwolves,13732000,19,63,0.23199999999999998,14000000 
1992-93,Dallas Mavericks,10859000,11,71,0.134,14000000 
1991-92,Boston Celtics,25343000,51,31,0.622,12500000 
1991-92,Cleveland Cavaliers,16882000,57,25,0.695,12500000 
1991-92,Chicago Bulls,16829000,67,15,0.8170000000000001,12500000 
1991-92,Los Angeles Lakers,15673000,43,39,0.524,12500000 
1991-92,Detroit Pistons,15428000,48,34,0.585,12500000 
1991-92,Indiana Pacers,15090000,40,42,0.488,12500000 
1991-92,Philadelphia 76ers,14058000,35,47,0.42700000000000005,12500000 
1991-92,Phoenix Suns,13593000,53,29,0.6459999999999999,12500000 
1991-92,Oklahoma City Thunder,13308000,47,35,0.573,12500000 
1991-92,Houston Rockets,13274000,42,40,0.512,12500000 
1991-92,Dallas Mavericks,13004000,22,60,0.268,12500000 
1991-92,Los Angeles Clippers,12976000,45,37,0.5489999999999999,12500000 
1991-92,Atlanta Hawks,12930000,38,44,0.46299999999999997,12500000 
1991-92,Utah Jazz,12761000,55,27,0.6709999999999999,12500000 
1991-92,Portland Trail Blazers,12742000,57,25,0.695,12500000 
1991-92,Washington Wizards,12633000,25,57,0.305,12500000 
1991-92,Charlotte Hornets,12625000,31,51,0.37799999999999995,12500000 
1991-92,Brooklyn Nets,12598000,40,42,0.488,12500000 
1991-92,Golden State Warriors,12500000,55,27,0.6709999999999999,12500000 
1991-92,Sacramento Kings,12492000,29,53,0.354,12500000 
1991-92,Milwaukee Bucks,12451000,31,51,0.37799999999999995,12500000 
1991-92,New York Knicks,12399000,51,31,0.622,12500000 
1991-92,Orlando Magic,12250000,21,61,0.256,12500000 
1991-92,Denver Nuggets,11879000,24,58,0.293,12500000 
1991-92,San Antonio Spurs,11587000,47,35,0.573,12500000 
1991-92,Miami Heat,11514000,38,44,0.46299999999999997,12500000 
1991-92,Minnesota Timberwolves,10763000,15,67,0.183,12500000 
1990-91,Cleveland Cavaliers,,33,49,0.402,11871000 
1990-91,Minnesota Timberwolves,,29,53,0.354,11871000 
1990-91,New York Knicks,,39,43,0.47600000000000003,11871000 
1990-91,Portland Trail Blazers,,63,19,0.768,11871000 
1990-91,San Antonio Spurs,,55,27,0.6709999999999999,11871000 
1990-91,Utah Jazz,,54,28,0.659,11871000 
1990-91,Oklahoma City Thunder,,41,41,0.5,11871000 
1990-91,Los Angeles Lakers,,58,24,0.7070000000000001,11871000 
1990-91,Milwaukee Bucks,,48,34,0.585,11871000 
1990-91,Chicago Bulls,,61,21,0.7440000000000001,11871000 
1990-91,Los Angeles Clippers,,31,51,0.37799999999999995,11871000 
1990-91,Boston Celtics,,56,26,0.6829999999999999,11871000 
1990-91,Denver Nuggets,,20,62,0.244,11871000 
1990-91,Indiana Pacers,,41,41,0.5,11871000 
1990-91,Brooklyn Nets,,26,56,0.317,11871000 
1990-91,Miami Heat,,24,58,0.293,11871000 
1990-91,Dallas Mavericks,,28,54,0.341,11871000 
1990-91,Orlando Magic,,31,51,0.37799999999999995,11871000 
1990-91,Sacramento Kings,,25,57,0.305,11871000 
1990-91,Atlanta Hawks,,43,39,0.524,11871000 
1990-91,Detroit Pistons,,50,32,0.61,11871000 
1990-91,Golden State Warriors,,44,38,0.537,11871000 
1990-91,Phoenix Suns,,55,27,0.6709999999999999,11871000 
1990-91,Philadelphia 76ers,,44,38,0.537,11871000 
1990-91,Houston Rockets,,52,30,0.634,11871000 
1990-91,Charlotte Hornets,,26,56,0.317,11871000 
1990-91,Washington Wizards,,30,52,0.366,11871000 
1989-90,Atlanta Hawks,,41,41,0.5,9802000 
1989-90,Utah Jazz,,55,27,0.6709999999999999,9802000 
1989-90,Los Angeles Lakers,,63,19,0.768,9802000 
1989-90,Houston Rockets,,41,41,0.5,9802000 
1989-90,Charlotte Hornets,,19,63,0.23199999999999998,9802000 
1989-90,Orlando Magic,,18,64,0.22,9802000 
1989-90,Cleveland Cavaliers,,42,40,0.512,9802000 
1989-90,Sacramento Kings,,23,59,0.28,9802000 
1989-90,Washington Wizards,,31,51,0.37799999999999995,9802000 
1989-90,Philadelphia 76ers,,53,29,0.6459999999999999,9802000 
1989-90,Chicago Bulls,,55,27,0.6709999999999999,9802000 
1989-90,Detroit Pistons,,59,23,0.72,9802000 
1989-90,Portland Trail Blazers,,59,23,0.72,9802000 
1989-90,Indiana Pacers,,42,40,0.512,9802000 
1989-90,Phoenix Suns,,54,28,0.659,9802000 
1989-90,Golden State Warriors,,37,45,0.451,9802000 
1989-90,New York Knicks,,45,37,0.5489999999999999,9802000 
1989-90,Minnesota Timberwolves,,22,60,0.268,9802000 
1989-90,Boston Celtics,,52,30,0.634,9802000 
1989-90,Oklahoma City Thunder,,41,41,0.5,9802000 
1989-90,Los Angeles Clippers,,30,52,0.366,9802000 
1989-90,Milwaukee Bucks,,44,38,0.537,9802000 
1989-90,San Antonio Spurs,,56,26,0.6829999999999999,9802000 
1989-90,Denver Nuggets,,43,39,0.524,9802000 
1989-90,Miami Heat,,18,64,0.22,9802000 
1989-90,Brooklyn Nets,,17,65,0.207,9802000 
1989-90,Dallas Mavericks,,47,35,0.573,9802000 
1988-89,Chicago Bulls,,47,35,0.573,7232000 
1988-89,Detroit Pistons,,63,19,0.768,7232000 
1988-89,Denver Nuggets,,44,38,0.537,7232000 
1988-89,Indiana Pacers,,28,54,0.341,7232000 
1988-89,Utah Jazz,,51,31,0.622,7232000 
1988-89,Oklahoma City Thunder,,47,35,0.573,7232000 
1988-89,Milwaukee Bucks,,49,33,0.598,7232000 
1988-89,Golden State Warriors,,43,39,0.524,7232000 
1988-89,Los Angeles Clippers,,21,61,0.256,7232000 
1988-89,Philadelphia 76ers,,46,36,0.561,7232000 
1988-89,Boston Celtics,,42,40,0.512,7232000 
1988-89,Brooklyn Nets,,26,56,0.317,7232000 
1988-89,New York Knicks,,52,30,0.634,7232000 
1988-89,Portland Trail Blazers,,39,43,0.47600000000000003,7232000 
1988-89,Washington Wizards,,40,42,0.488,7232000 
1988-89,Charlotte Hornets,,20,62,0.244,7232000 
1988-89,Houston Rockets,,45,37,0.5489999999999999,7232000 
1988-89,Atlanta Hawks,,52,30,0.634,7232000 
1988-89,Miami Heat,,15,67,0.183,7232000 
1988-89,Cleveland Cavaliers,,57,25,0.695,7232000 
1988-89,Dallas Mavericks,,38,44,0.46299999999999997,7232000 
1988-89,Phoenix Suns,,55,27,0.6709999999999999,7232000 
1988-89,Los Angeles Lakers,,57,25,0.695,7232000 
1988-89,San Antonio Spurs,,21,61,0.256,7232000 
1988-89,Sacramento Kings,,27,55,0.32899999999999996,7232000 
1987-88,Indiana Pacers,,38,44,0.46299999999999997,6164000 
1987-88,Los Angeles Lakers,,62,20,0.7559999999999999,6164000 
1987-88,Oklahoma City Thunder,,44,38,0.537,6164000 
1987-88,Portland Trail Blazers,,53,29,0.6459999999999999,6164000 
1987-88,Boston Celtics,,57,25,0.695,6164000 
1987-88,San Antonio Spurs,,31,51,0.37799999999999995,6164000 
1987-88,Philadelphia 76ers,,36,46,0.439,6164000 
1987-88,Milwaukee Bucks,,42,40,0.512,6164000 
1987-88,Golden State Warriors,,20,62,0.244,6164000 
1987-88,New York Knicks,,38,44,0.46299999999999997,6164000 
1987-88,Phoenix Suns,,28,54,0.341,6164000 
1987-88,Cleveland Cavaliers,,42,40,0.512,6164000 
1987-88,Houston Rockets,,46,36,0.561,6164000 
1987-88,Sacramento Kings,,24,58,0.293,6164000 
1987-88,Utah Jazz,,47,35,0.573,6164000 
1987-88,Dallas Mavericks,,53,29,0.6459999999999999,6164000 
1987-88,Detroit Pistons,,54,28,0.659,6164000 
1987-88,Los Angeles Clippers,,17,65,0.207,6164000 
1987-88,Washington Wizards,,38,44,0.46299999999999997,6164000 
1987-88,Chicago Bulls,,50,32,0.61,6164000 
1987-88,Denver Nuggets,,54,28,0.659,6164000 
1987-88,Atlanta Hawks,,50,32,0.61,6164000 
1987-88,Brooklyn Nets,,19,63,0.23199999999999998,6164000 
1986-87,Brooklyn Nets,,24,58,0.293,4945000 
1986-87,Los Angeles Clippers,,12,70,0.146,4945000 
1986-87,Boston Celtics,,59,23,0.72,4945000 
1986-87,Utah Jazz,,44,38,0.537,4945000 
1986-87,Los Angeles Lakers,,65,17,0.7929999999999999,4945000 
1986-87,New York Knicks,,24,58,0.293,4945000 
1986-87,Portland Trail Blazers,,49,33,0.598,4945000 
1986-87,Washington Wizards,,42,40,0.512,4945000 
1986-87,Phoenix Suns,,36,46,0.439,4945000 
1986-87,Milwaukee Bucks,,50,32,0.61,4945000 
1986-87,Cleveland Cavaliers,,31,51,0.37799999999999995,4945000 
1986-87,Houston Rockets,,42,40,0.512,4945000 
1986-87,San Antonio Spurs,,28,54,0.341,4945000 
1986-87,Denver Nuggets,,37,45,0.451,4945000 
1986-87,Philadelphia 76ers,,45,37,0.5489999999999999,4945000 
1986-87,Oklahoma City Thunder,,39,43,0.47600000000000003,4945000 
1986-87,Detroit Pistons,,52,30,0.634,4945000 
1986-87,Indiana Pacers,,41,41,0.5,4945000 
1986-87,Dallas Mavericks,,55,27,0.6709999999999999,4945000 
1986-87,Golden State Warriors,,42,40,0.512,4945000 
1986-87,Sacramento Kings,,29,53,0.354,4945000 
1986-87,Atlanta Hawks,,57,25,0.695,4945000 
1986-87,Chicago Bulls,,40,42,0.488,4945000 
1986-87,Brooklyn Nets,,24,58,0.293,4945000 
1986-87,Los Angeles Clippers,,12,70,0.146,4945000 
1986-87,Boston Celtics,,59,23,0.72,4945000 
1986-87,Utah Jazz,,44,38,0.537,4945000 
1986-87,Los Angeles Lakers,,65,17,0.7929999999999999,4945000 
1986-87,New York Knicks,,24,58,0.293,4945000 
1986-87,Portland Trail Blazers,,49,33,0.598,4945000 
1986-87,Washington Wizards,,42,40,0.512,4945000 
1986-87,Phoenix Suns,,36,46,0.439,4945000 
1986-87,Milwaukee Bucks,,50,32,0.61,4945000 
1986-87,Cleveland Cavaliers,,31,51,0.37799999999999995,4945000 
1986-87,Houston Rockets,,42,40,0.512,4945000 
1986-87,San Antonio Spurs,,28,54,0.341,4945000 
1986-87,Denver Nuggets,,37,45,0.451,4945000 
1986-87,Philadelphia 76ers,,45,37,0.5489999999999999,4945000 
1986-87,Oklahoma City Thunder,,39,43,0.47600000000000003,4945000 
1986-87,Detroit Pistons,,52,30,0.634,4945000 
1986-87,Indiana Pacers,,41,41,0.5,4945000 
1986-87,Dallas Mavericks,,55,27,0.6709999999999999,4945000 
1986-87,Golden State Warriors,,42,40,0.512,4945000 
1986-87,Sacramento Kings,,29,53,0.354,4945000 
1986-87,Atlanta Hawks,,57,25,0.695,4945000 
1986-87,Chicago Bulls,,40,42,0.488,4945000 
1985-86,Los Angeles Clippers,,32,50,0.39,4233000 
1985-86,Dallas Mavericks,,44,38,0.537,4233000 
1985-86,Boston Celtics,,67,15,0.8170000000000001,4233000 
1985-86,Sacramento Kings,,37,45,0.451,4233000 
1985-86,Phoenix Suns,,32,50,0.39,4233000 
1985-86,San Antonio Spurs,,35,47,0.42700000000000005,4233000 
1985-86,Portland Trail Blazers,,40,42,0.488,4233000 
1985-86,New York Knicks,,23,59,0.28,4233000 
1985-86,Los Angeles Lakers,,62,20,0.7559999999999999,4233000 
1985-86,Golden State Warriors,,30,52,0.366,4233000 
1985-86,Philadelphia 76ers,,54,28,0.659,4233000 
1985-86,Brooklyn Nets,,39,43,0.47600000000000003,4233000 
1985-86,Houston Rockets,,51,31,0.622,4233000 
1985-86,Chicago Bulls,,30,52,0.366,4233000 
1985-86,Milwaukee Bucks,,57,25,0.695,4233000 
1985-86,Atlanta Hawks,,50,32,0.61,4233000 
1985-86,Cleveland Cavaliers,,29,53,0.354,4233000 
1985-86,Utah Jazz,,42,40,0.512,4233000 
1985-86,Detroit Pistons,,46,36,0.561,4233000 
1985-86,Washington Wizards,,39,43,0.47600000000000003,4233000 
1985-86,Denver Nuggets,,47,35,0.573,4233000 
1985-86,Indiana Pacers,,26,56,0.317,4233000 
1985-86,Oklahoma City Thunder,,31,51,0.37799999999999995,4233000 
1984-85,Washington Wizards,,40,42,0.488,3600000 
1984-85,Chicago Bulls,,38,44,0.46299999999999997,3600000 
1984-85,Denver Nuggets,,52,30,0.634,3600000 
1984-85,Atlanta Hawks,,34,48,0.415,3600000 
1984-85,Houston Rockets,,48,34,0.585,3600000 
1984-85,Boston Celtics,,63,19,0.768,3600000 
1984-85,Utah Jazz,,41,41,0.5,3600000 
1984-85,San Antonio Spurs,,41,41,0.5,3600000 
1984-85,Kansas City Kings,,31,51,0.37799999999999995,3600000 
1984-85,Cleveland Cavaliers,,36,46,0.439,3600000 
1984-85,Philadelphia 76ers,,58,24,0.7070000000000001,3600000 
1984-85,Phoenix Suns,,36,46,0.439,3600000 
1984-85,Indiana Pacers,,22,60,0.268,3600000 
1984-85,Portland Trail Blazers,,42,40,0.512,3600000 
1984-85,Oklahoma City Thunder,,31,51,0.37799999999999995,3600000 
1984-85,Milwaukee Bucks,,59,23,0.72,3600000 
1984-85,Los Angeles Clippers,,31,51,0.37799999999999995,3600000 
1984-85,Brooklyn Nets,,42,40,0.512,3600000 
1984-85,Detroit Pistons,,46,36,0.561,3600000 
1984-85,New York Knicks,,24,58,0.293,3600000 
1984-85,Los Angeles Lakers,,62,20,0.7559999999999999,3600000 
1984-85,Dallas Mavericks,,44,38,0.537,3600000 
1984-85,Golden State Warriors,,22,60,0.268,3600000 
